,character_name,world_name,character_gender,character_class,character_level,hair_name,face_name,skin_name,hair_color,hair,face,face_color
0,오지환,루나,여,키네시스,297,블랑슈 헤어,조용한 눈 얼굴,홍조 라벤더 피부,갈색+보라색,블랑슈 헤어+갈색+보라색,조용한 눈 얼굴+갈색+에메랄드,갈색+에메랄드
1,단솜,스카니아,여,윈드브레이커,297,말괄량이 헤어,졸린 오드아이 얼굴,커스텀 홍조 피치 피부,보라색+초록색,말괄량이 헤어+보라색+초록색,졸린 오드아이 얼굴+자수정+초록색,자수정+초록색
2,버터,엘리시움,남,나이트로드,296,플로리안 헤어,졸린 얼굴,뽀송 라벤더 피부,검은색+초록색,플로리안 헤어+검은색+초록색,졸린 얼굴+X+검은색,X+검은색
3,솝상,크로아,여,비숍,296,여우소녀 헤어,뭐요 얼굴,홍조 꽃잎 피부,X+초록색,여우소녀 헤어+X+초록색,뭐요 얼굴+X+빨간색,X+빨간색
4,테룽이,이노시스,남,카이저,296,프림로즈 헤어,흥흥 얼굴,뽀송 꽃잎 피부,X+검은색,프림로즈 헤어+X+검은색,흥흥 얼굴+보라색+파란색,보라색+파란색
5,보마노랑이,제니스,여,보우마스터,296,더듬이 헤어,몬스터 예티 얼굴,금구슬 피부,노란색+보라색,더듬이 헤어+노란색+보라색,몬스터 예티 얼굴+X+빨간색,X+빨간색
6,카사,스카니아,남,팬텀,296,내가 제일 헤어,졸린 얼굴,뽀송 라벤더 피부,X+검은색,내가 제일 헤어+X+검은색,졸린 얼굴+검은색+파란색,검은색+파란색
7,헨쇼,엘리시움,여,아델,296,내츄럴 레프 헤어,졸린 얼굴,엘프 피부,X+검은색,내츄럴 레프 헤어+X+검은색,졸린 얼굴+X+검은색,X+검은색
8,쀼챠,루나,기타,제로,296,버블리 헤어,조용한 눈 얼굴,뽀송 꽃잎 피부,검은색+노란색,버블리 헤어+검은색+노란색,조용한 눈 얼굴+보라색+초록색,보라색+초록색
9,쀼챠,루나,기타,제로,296,하리화 헤어,조용한 눈 얼굴,뽀송 꽃잎 피부,노란색+파란색,하리화 헤어+노란색+파란색,조용한 눈 얼굴+갈색+에메랄드,갈색+에메랄드
10,뎅아인,루나,남,에반,295,안젤로 헤어,헤헤 얼굴,뽀송 라벤더 피부,노란색+보라색,안젤로 헤어+노란색+보라색,헤헤 얼굴+보라색+에메랄드,보라색+에메랄드
11,케인WWE챔프,엘리시움,남,배틀메이지,295,루야 헤어,아잉 얼굴,뽀송 꽃잎 피부,주황색+파란색,루야 헤어+주황색+파란색,아잉 얼굴+X+검은색,X+검은색
12,갓지훈,베라,남,나이트로드,295,뾰롱이 헤어,몬스터 페페 얼굴,몬스터 슬라임 피부,갈색+노란색,뾰롱이 헤어+갈색+노란색,몬스터 페페 얼굴+자수정+파란색,자수정+파란색
13,o우르키오라o,제니스,남,은월,295,페르 헤어,차분한 루시드 얼굴,뽀송 라벤더 피부,빨간색+파란색,페르 헤어+빨간색+파란색,차분한 루시드 얼굴+검은색+파란색,검은색+파란색
14,최무등,베라,여,패스파인더,295,신궁 헤어,조용한 눈 얼굴,홍조 꽃잎 피부,검은색+노란색,신궁 헤어+검은색+노란색,조용한 눈 얼굴+빨간색+자수정,빨간색+자수정
15,압도,베라,여,듀얼블레이더,295,벨라 헤어,조용한 눈 얼굴,홍조 라벤더 피부,주황색+파란색,벨라 헤어+주황색+파란색,조용한 눈 얼굴+X+파란색,X+파란색
16,벨벨,엘리시움,남,스트라이커,295,안젤로 헤어,멍한 오드아이 얼굴,홍조 라벤더 피부,노란색+보라색,안젤로 헤어+노란색+보라색,멍한 오드아이 얼굴+검은색+자수정,검은색+자수정
17,징베,크로아,남,캡틴,295,숲의 요정,루어 얼굴,헬시 피부,X+검은색,숲의 요정+X+검은색,루어 얼굴+X+갈색,X+갈색
18,김솔밤,베라,남,다크나이트,295,에반 남자 머리,멍한 얼굴,헬시 피부,검은색+초록색,에반 남자 머리+검은색+초록색,멍한 얼굴+X+검은색,X+검은색
19,혜넹,이노시스,여,일리움,295,솜솜이 헤어,조용한 눈 얼굴,뽀송 꽃잎 피부,X+검은색,솜솜이 헤어+X+검은색,조용한 눈 얼굴+X+검은색,X+검은색
20,빅시커,베라,여,엔젤릭버스터,295,맑은 단발 헤어,맑음 얼굴,뽀송 꽃잎 피부,빨간색+초록색,맑은 단발 헤어+빨간색+초록색,맑음 얼굴+검은색+보라색,검은색+보라색
21,빅시커,베라,여,엔젤릭버스터,295,엘로디 헤어,조용한 눈 얼굴,뽀송 꽃잎 피부,보라색+빨간색,엘로디 헤어+보라색+빨간색,조용한 눈 얼굴+갈색+에메랄드,갈색+에메랄드
22,몽둥이여사님,루나,여,비숍,295,퐁당 헤어,조용한 눈 얼굴,뽀송 꽃잎 피부,검은색+주황색,퐁당 헤어+검은색+주황색,조용한 눈 얼굴+X+검은색,X+검은색
23,별왕,크로아,여,카데나,295,벨라 헤어,Selfy 경고 얼굴,뽀송 라벤더 피부,빨간색+파란색,벨라 헤어+빨간색+파란색,Selfy 경고 얼굴+자수정+파란색,자수정+파란색
24,걍조,스카니아,남,듀얼블레이더,295,허쉬 헤어,조용한 눈 얼굴,뽀송 라벤더 피부,검은색+주황색,허쉬 헤어+검은색+주황색,조용한 눈 얼굴+에메랄드+자수정,에메랄드+자수정
25,식초,크로아,남,듀얼블레이더,295,빅토리 라이더 헤어,멍한 오드아이 얼굴,홍조 라벤더 피부,검은색+파란색,빅토리 라이더 헤어+검은색+파란색,멍한 오드아이 얼굴+검은색+자수정,검은색+자수정
26,곤주,엘리시움,남,"아크메이지(불,독)",295,단발 머리,깨도잉 얼굴,태닝 피부,갈색+검은색,단발 머리+갈색+검은색,깨도잉 얼굴+X+검은색,X+검은색
27,허경영,루나,남,메카닉,295,시엘 헤어,졸린 얼굴,홍조 꽃잎 피부,검은색+주황색,시엘 헤어+검은색+주황색,졸린 얼굴+에메랄드+파란색,에메랄드+파란색
28,광선,엘리시움,남,제논,295,흑사탕 헤어,깨도잉 얼굴,뽀송 라벤더 피부,보라색+초록색,흑사탕 헤어+보라색+초록색,깨도잉 얼굴+검은색+빨간색,검은색+빨간색
29,보나냥냥,베라,남,제논,295,스테리 헤어,냉소적인 아잉 얼굴,홍조 꽃잎 피부,노란색+보라색,스테리 헤어+노란색+보라색,냉소적인 아잉 얼굴+에메랄드+파란색,에메랄드+파란색
30,Lacheln,엘리시움,남,은월,294,에반 남자 머리,멍한 오드아이 얼굴,창백 피부,X+검은색,에반 남자 머리+X+검은색,멍한 오드아이 얼굴+검은색+자수정,검은색+자수정
31,시바개,오로라,남,아란,294,라빈 헤어,차분한 루시드 얼굴,뽀송 꽃잎 피부,보라색+초록색,라빈 헤어+보라색+초록색,차분한 루시드 얼굴+빨간색+에메랄드,빨간색+에메랄드
32,가람,스카니아,남,소울마스터,294,리커버 헤어,멍한 얼굴,뽀송 라벤더 피부,갈색+검은색,리커버 헤어+갈색+검은색,멍한 얼굴+검은색+파란색,검은색+파란색
33,엑스퍼트,크로아,남,바이퍼,294,바이퍼 헤어,갈고리 얼굴,뽀송 꽃잎 피부,갈색+검은색,바이퍼 헤어+갈색+검은색,갈고리 얼굴+갈색+검은색,갈색+검은색
34,Baddy,스카니아,남,메카닉,294,나랑 헤어,차차 얼굴,뽀송 꽃잎 피부,검은색+노란색,나랑 헤어+검은색+노란색,차차 얼굴+X+검은색,X+검은색
35,거대똥파리,스카니아,여,아델,294,산발머리,헤헤 얼굴,뽀송 꽃잎 피부,보라색+초록색,산발머리+보라색+초록색,헤헤 얼굴+X+검은색,X+검은색
36,Kiss예진,엘리시움,여,아델,294,기사단장 오즈 헤어,조용한 눈 얼굴,뽀송 꽃잎 피부,검은색+파란색,기사단장 오즈 헤어+검은색+파란색,조용한 눈 얼굴+보라색+에메랄드,보라색+에메랄드
37,한계,스카니아,남,나이트로드,294,방울꽃 헤어,안보여요 얼굴,뽀송 라벤더 피부,갈색+초록색,방울꽃 헤어+갈색+초록색,안보여요 얼굴+에메랄드+자수정,에메랄드+자수정
38,셀라스잠수정,루나,남,섀도어,294,토벤 머리,신중한 얼굴,크림 피부,X+검은색,토벤 머리+X+검은색,신중한 얼굴+X+검은색,X+검은색
39,아욤,루나,여,비숍,294,엘피네 헤어,조용한 눈 얼굴,홍조 라벤더 피부,갈색+파란색,엘피네 헤어+갈색+파란색,조용한 눈 얼굴+갈색+에메랄드,갈색+에메랄드
40,시눙식,루나,남,호영,294,꼬마 웨이브 헤어,루시드 얼굴,뽀송 꽃잎 피부,갈색+검은색,꼬마 웨이브 헤어+갈색+검은색,루시드 얼굴+갈색+빨간색,갈색+빨간색
41,반보,이노시스,남,섀도어,294,프리즘 헤어,조용한 눈 얼굴,뽀송 꽃잎 피부,갈색+검은색,프리즘 헤어+갈색+검은색,조용한 눈 얼굴+X+검은색,X+검은색
42,검성OGC,엘리시움,남,히어로,294,히어로 헤어,한결같은 신비얼굴,뽀송 꽃잎 피부,X+갈색,히어로 헤어+X+갈색,한결같은 신비얼굴+에메랄드+파란색,에메랄드+파란색
43,영준,엘리시움,여,엔젤릭버스터,294,아멜리 헤어,조용한 눈 얼굴,뽀송 꽃잎 피부,빨간색+파란색,아멜리 헤어+빨간색+파란색,조용한 눈 얼굴+X+검은색,X+검은색
44,영준,엘리시움,여,엔젤릭버스터,294,아멜리 헤어,조용한 눈 얼굴,뽀송 라벤더 피부,빨간색+파란색,아멜리 헤어+빨간색+파란색,조용한 눈 얼굴+에메랄드+자수정,에메랄드+자수정
45,꼴깍,엘리시움,여,듀얼블레이더,294,엘로디 헤어,조용한 눈 얼굴,뽀송 라벤더 피부,갈색+파란색,엘로디 헤어+갈색+파란색,조용한 눈 얼굴+빨간색+파란색,빨간색+파란색
46,중뒹,엘리시움,여,비숍,294,하리화 헤어,냉소적인 아잉 얼굴,뽀송 꽃잎 피부,검은색+빨간색,하리화 헤어+검은색+빨간색,냉소적인 아잉 얼굴+에메랄드+자수정,에메랄드+자수정
47,봉인,제니스,여,"아크메이지(불,독)",294,스테리 헤어,조용한 눈 얼굴,홍조 라벤더 피부,빨간색+초록색,스테리 헤어+빨간색+초록색,조용한 눈 얼굴+에메랄드+자수정,에메랄드+자수정
48,작반,엘리시움,남,팬텀,294,플로우 헤어,졸린 얼굴,홍조 라벤더 피부,검은색+빨간색,플로우 헤어+검은색+빨간색,졸린 얼굴+검은색+파란색,검은색+파란색
49,쩌네이런,베라,남,듀얼블레이더,294,아침등교 헤어,메이크업 퀸 성형,뽀송 꽃잎 피부,검은색+주황색,아침등교 헤어+검은색+주황색,메이크업 퀸 성형+에메랄드+자수정,에메랄드+자수정
50,이하니,베라,여,엔젤릭버스터,294,라리엘 헤어,차차 얼굴,홍조 꽃잎 피부,검은색+보라색,라리엘 헤어+검은색+보라색,차차 얼굴+X+검은색,X+검은색
51,이하니,베라,여,엔젤릭버스터,294,라리엘 헤어,차차 얼굴,홍조 꽃잎 피부,보라색+초록색,라리엘 헤어+보라색+초록색,차차 얼굴+검은색+파란색,검은색+파란색
52,주피터king,루나,남,나이트로드,294,리엣 헤어,차분한 루시드 얼굴,홍조 꽃잎 피부,보라색+초록색,리엣 헤어+보라색+초록색,차분한 루시드 얼굴+빨간색+에메랄드,빨간색+에메랄드
53,팡이요,엘리시움,여,아델,294,라리엘 헤어,조용한 눈 얼굴,뽀송 라벤더 피부,갈색+파란색,라리엘 헤어+갈색+파란색,조용한 눈 얼굴+갈색+에메랄드,갈색+에메랄드
54,흑화윈,엘리시움,여,아델,294,하리화 헤어,조용한 눈 얼굴,뽀송 꽃잎 피부,노란색+파란색,하리화 헤어+노란색+파란색,조용한 눈 얼굴+에메랄드+자수정,에메랄드+자수정
55,옵드,루나,남,은월,294,상투 머리,생긋 얼굴,홍조 꽃잎 피부,검은색+빨간색,상투 머리+검은색+빨간색,생긋 얼굴+보라색+초록색,보라색+초록색
56,루나썬콜,루나,여,"아크메이지(썬,콜)",294,썬콜 헤어,조용한 눈 얼굴,뽀송 꽃잎 피부,갈색+파란색,썬콜 헤어+갈색+파란색,조용한 눈 얼굴+빨간색+파란색,빨간색+파란색
57,행쇼,엘리시움,여,비숍,294,하이틴 걸 헤어,차차 얼굴,뽀송 라벤더 피부,주황색+초록색,하이틴 걸 헤어+주황색+초록색,차차 얼굴+빨간색+파란색,빨간색+파란색
58,sure,크로아,남,나이트워커,294,차분한 산호 헤어,차차 얼굴,뽀송 라벤더 피부,검은색+보라색,차분한 산호 헤어+검은색+보라색,차차 얼굴+보라색+파란색,보라색+파란색
59,초기,스카니아,남,나이트로드,294,시원한 아침등교 헤어,냉소적인 아잉 얼굴,홍조 꽃잎 피부,검은색+노란색,시원한 아침등교 헤어+검은색+노란색,냉소적인 아잉 얼굴+X+검은색,X+검은색
60,쿠몽,크로아,여,은월,294,엘로디 헤어,차분한 헤헤 얼굴,뽀송 라벤더 피부,보라색+초록색,엘로디 헤어+보라색+초록색,차분한 헤헤 얼굴+에메랄드+자수정,에메랄드+자수정
61,Chaos,크로아,여,키네시스,294,아침등교 헤어,차분한 루시드 얼굴,홍조 라벤더 피부,보라색+초록색,아침등교 헤어+보라색+초록색,차분한 루시드 얼굴+빨간색+에메랄드,빨간색+에메랄드
62,누라리한,스카니아,기타,제로,294,아침등교 헤어,조용한 눈 얼굴,창백 피부,갈색+검은색,아침등교 헤어+갈색+검은색,조용한 눈 얼굴+보라색+에메랄드,보라색+에메랄드
63,누라리한,스카니아,기타,제로,294,안젤라 헤어,조용한 눈 얼굴,창백 피부,노란색+보라색,안젤라 헤어+노란색+보라색,조용한 눈 얼굴+보라색+파란색,보라색+파란색
64,Fake,베라,남,나이트워커,294,시원한 아침등교 헤어,졸린 얼굴,홍조 라벤더 피부,검은색+주황색,시원한 아침등교 헤어+검은색+주황색,졸린 얼굴+에메랄드+자수정,에메랄드+자수정
65,민창,루나,남,듀얼블레이더,294,골목대장 헤어,깨도잉 얼굴,홍조 라벤더 피부,X+검은색,골목대장 헤어+X+검은색,깨도잉 얼굴+X+검은색,X+검은색
66,알샤,스카니아,남,나이트로드,294,다크 허쉬 헤어,졸린 얼굴,뽀송 라벤더 피부,검은색+초록색,다크 허쉬 헤어+검은색+초록색,졸린 얼굴+검은색+빨간색,검은색+빨간색
67,구랙,크로아,남,"아크메이지(불,독)",293,채운 헤어,졸린 얼굴,홍조 라벤더 피부,검은색+보라색,채운 헤어+검은색+보라색,졸린 얼굴+에메랄드+파란색,에메랄드+파란색
68,먹음쟁이,이노시스,남,키네시스,293,루야 헤어,은은한 루어 얼굴,홍조 꽃잎 피부,초록색+파란색,루야 헤어+초록색+파란색,은은한 루어 얼굴+빨간색+초록색,빨간색+초록색
69,법행,엘리시움,남,"아크메이지(불,독)",293,블링 수호 헤어,차분한 루시드 얼굴,뽀송 꽃잎 피부,갈색+초록색,블링 수호 헤어+갈색+초록색,차분한 루시드 얼굴+검은색+빨간색,검은색+빨간색
70,으파,오로라,남,데몬어벤져,293,채운 헤어,멍한 얼굴,뽀송 라벤더 피부,검은색+노란색,채운 헤어+검은색+노란색,멍한 얼굴+검은색+파란색,검은색+파란색
71,갠갈,엘리시움,남,듀얼블레이더,293,깜찍 뿔뿔이 헤어,조용한 눈 얼굴,홍조 꽃잎 피부,보라색+초록색,깜찍 뿔뿔이 헤어+보라색+초록색,조용한 눈 얼굴+갈색+검은색,갈색+검은색
72,학살자펭귄,오로라,남,캡틴,293,리커버 헤어,뮤트 얼굴,홍조 꽃잎 피부,갈색+검은색,리커버 헤어+갈색+검은색,뮤트 얼굴+갈색+파란색,갈색+파란색
73,초코빵내꺼야,엘리시움,여,카데나,293,새내기 헤어,조용한 눈 얼굴,뽀송 라벤더 피부,검은색+초록색,새내기 헤어+검은색+초록색,조용한 눈 얼굴+갈색+파란색,갈색+파란색
74,끅예,엘리시움,남,에반,293,에반 남자 머리,멍한 얼굴,뽀송 꽃잎 피부,검은색+주황색,에반 남자 머리+검은색+주황색,멍한 얼굴+X+검은색,X+검은색
75,남살프,엘리시움,남,와일드헌터,293,월령 헤어,졸린 얼굴,뽀송 꽃잎 피부,갈색+초록색,월령 헤어+갈색+초록색,졸린 얼굴+갈색+파란색,갈색+파란색
76,슈탱,크로아,여,아델,293,엘로디 헤어,조용한 눈 얼굴,홍조 라벤더 피부,갈색+파란색,엘로디 헤어+갈색+파란색,조용한 눈 얼굴+갈색+에메랄드,갈색+에메랄드
77,쌍초늬,베라,여,에반,293,바로등교 헤어,꿈꾸는 얼굴,홍조 꽃잎 피부,갈색+검은색,바로등교 헤어+갈색+검은색,꿈꾸는 얼굴+검은색+보라색,검은색+보라색
78,페북,크로아,남,루미너스,293,쿼츠 헤어,쪼꼬미 얼굴,홍조 꽃잎 피부,주황색+파란색,쿼츠 헤어+주황색+파란색,쪼꼬미 얼굴+에메랄드+자수정,에메랄드+자수정
79,ifthenelse,크로아,남,메르세데스,293,보우마스터 헤어,갈고리 얼굴,홍조 라벤더 피부,갈색+검은색,보우마스터 헤어+갈색+검은색,갈고리 얼굴+갈색+에메랄드,갈색+에메랄드
80,어서,루나,여,신궁,293,깜찍 뿔뿔이 헤어,조용한 눈 얼굴,뽀송 꽃잎 피부,노란색+보라색,깜찍 뿔뿔이 헤어+노란색+보라색,조용한 눈 얼굴+X+검은색,X+검은색
81,쫑쫑종옹,루나,남,나이트로드,293,후유 헤어,도발적인 아잉 얼굴,뽀송 꽃잎 피부,보라색+빨간색,후유 헤어+보라색+빨간색,도발적인 아잉 얼굴+검은색+파란색,검은색+파란색
82,야한책,루나,여,신궁,293,리르하 헤어,졸린 조용한 얼굴,뽀송 라벤더 피부,갈색+검은색,리르하 헤어+갈색+검은색,졸린 조용한 얼굴+에메랄드+자수정,에메랄드+자수정
83,Marksbowman,유니온,남,보우마스터,293,포숑 헤어,도발적인 아잉 얼굴,밀키 피부,빨간색+초록색,포숑 헤어+빨간색+초록색,도발적인 아잉 얼굴+검은색+파란색,검은색+파란색
84,시들어가는날,엘리시움,여,히어로,293,기사단 소울마스터 헤어,은월 얼굴,뽀송 꽃잎 피부,X+노란색,기사단 소울마스터 헤어+X+노란색,은월 얼굴+X+검은색,X+검은색
85,한수녀,제니스,여,나이트로드,293,안개 아멜리 헤어,조용한 눈 얼굴,뽀송 꽃잎 피부,갈색+검은색,안개 아멜리 헤어+갈색+검은색,조용한 눈 얼굴+갈색+에메랄드,갈색+에메랄드
86,수정과,루나,여,아델,293,새턴 헤어,헤헤 얼굴,뽀송 라벤더 피부,갈색+파란색,새턴 헤어+갈색+파란색,헤헤 얼굴+검은색+보라색,검은색+보라색
87,별칸나,크로아,여,팔라딘,293,플로렌스 헤어,조용한 눈 얼굴,뽀송 라벤더 피부,검은색+초록색,플로렌스 헤어+검은색+초록색,조용한 눈 얼굴+갈색+에메랄드,갈색+에메랄드
88,곰돌이,루나,여,비숍,293,핑키웨이 헤어,깨냉잉 얼굴,뽀송 라벤더 피부,빨간색+초록색,핑키웨이 헤어+빨간색+초록색,깨냉잉 얼굴+X+검은색,X+검은색
89,배구,엘리시움,남,"아크메이지(썬,콜)",293,깜찍 뿔뿔이 헤어,조용한 눈 얼굴,뽀송 라벤더 피부,보라색+초록색,깜찍 뿔뿔이 헤어+보라색+초록색,조용한 눈 얼굴+에메랄드+자수정,에메랄드+자수정
90,딜동차,스카니아,남,나이트로드,293,페어리 헤어,도발적인 아잉 얼굴,뽀송 꽃잎 피부,갈색+파란색,페어리 헤어+갈색+파란색,도발적인 아잉 얼굴+자수정+초록색,자수정+초록색
91,공주,루나,여,비숍,293,블링 신비 헤어,졸린 조용한 얼굴,뽀송 라벤더 피부,검은색+주황색,블링 신비 헤어+검은색+주황색,졸린 조용한 얼굴+갈색+초록색,갈색+초록색
92,영돌,스카니아,남,소울마스터,293,블링 채운 헤어,멍한 얼굴,홍조 라벤더 피부,노란색+보라색,블링 채운 헤어+노란색+보라색,멍한 얼굴+빨간색+파란색,빨간색+파란색
93,최고,엘리시움,남,아란,293,다크 허쉬 헤어,멍한 오드아이 얼굴,뽀송 라벤더 피부,보라색+초록색,다크 허쉬 헤어+보라색+초록색,멍한 오드아이 얼굴+갈색+자수정,갈색+자수정
94,성조,베라,남,히어로,293,동백 헤어,차분한 루시드 얼굴,뽀송 라벤더 피부,X+노란색,동백 헤어+X+노란색,차분한 루시드 얼굴+X+빨간색,X+빨간색
95,문도,엘리시움,여,패스파인더,293,안젤라 헤어,졸린 조용한 얼굴,뽀송 라벤더 피부,갈색+검은색,안젤라 헤어+갈색+검은색,졸린 조용한 얼굴+에메랄드+자수정,에메랄드+자수정
96,맛살,스카니아,남,캐논마스터,293,블링 블레이 헤어,멍한 얼굴,뽀송 라벤더 피부,검은색+주황색,블링 블레이 헤어+검은색+주황색,멍한 얼굴+검은색+파란색,검은색+파란색
97,꾸장,엘리시움,남,나이트로드,293,시엘 헤어,차차 얼굴,뽀송 라벤더 피부,갈색+파란색,시엘 헤어+갈색+파란색,차차 얼굴+X+검은색,X+검은색
98,채만,이노시스,남,팔라딘,293,시엘 헤어,멍한 얼굴,뽀송 라벤더 피부,검은색+초록색,시엘 헤어+검은색+초록색,멍한 얼굴+검은색+파란색,검은색+파란색
99,그건아,레드,남,은월,293,보송보송 민들레 꽃씨 헤어,뭐요 얼굴,옥구슬 피부,갈색+검은색,보송보송 민들레 꽃씨 헤어+갈색+검은색,뭐요 얼굴+빨간색+자수정,빨간색+자수정
100,꼬기사장,오로라,남,다크나이트,293,데어데블 헤어,차분한 루시드 얼굴,뽀송 꽃잎 피부,보라색+파란색,데어데블 헤어+보라색+파란색,차분한 루시드 얼굴+검은색+보라색,검은색+보라색
101,이보영,크로아,여,윈드브레이커,293,안개 셀린 헤어,차차 얼굴,뽀송 라벤더 피부,보라색+파란색,안개 셀린 헤어+보라색+파란색,차차 얼굴+검은색+파란색,검은색+파란색
102,암거그,제니스,남,아란,293,애쉬 페르 헤어,차분한 루시드 얼굴,뽀송 꽃잎 피부,갈색+파란색,애쉬 페르 헤어+갈색+파란색,차분한 루시드 얼굴+X+검은색,X+검은색
103,강돌,루나,여,섀도어,293,포니 엘피네 헤어,조용한 눈 얼굴,홍조 꽃잎 피부,노란색+파란색,포니 엘피네 헤어+노란색+파란색,조용한 눈 얼굴+갈색+자수정,갈색+자수정
104,피거,크로아,남,와일드헌터,293,리커버 헤어,졸린 얼굴,뽀송 꽃잎 피부,검은색+보라색,리커버 헤어+검은색+보라색,졸린 얼굴+빨간색+파란색,빨간색+파란색
105,재진,엘리시움,남,아란,293,플로리안 헤어,멍한 얼굴,뽀송 꽃잎 피부,검은색+파란색,플로리안 헤어+검은색+파란색,멍한 얼굴+검은색+파란색,검은색+파란색
106,가을씨,오로라,여,루미너스,293,발랄웨이브 헤어,조용한 눈 얼굴,홍조 라벤더 피부,갈색+파란색,발랄웨이브 헤어+갈색+파란색,조용한 눈 얼굴+빨간색+에메랄드,빨간색+에메랄드
107,여니,루나,남,패스파인더,293,리엣 헤어,차분한 루시드 얼굴,홍조 꽃잎 피부,갈색+파란색,리엣 헤어+갈색+파란색,차분한 루시드 얼굴+자수정+파란색,자수정+파란색
108,Aufgabe,제니스,여,배틀메이지,293,블랑슈 헤어,안개비 얼굴,홍조 꽃잎 피부,검은색+보라색,블랑슈 헤어+검은색+보라색,안개비 얼굴+보라색+파란색,보라색+파란색
109,캡존탁,크로아,남,블래스터,293,둥실 양구름 헤어,각성 그대 얼굴,뽀송 꽃잎 피부,X+노란색,둥실 양구름 헤어+X+노란색,각성 그대 얼굴+X+빨간색,X+빨간색
110,지네,루나,여,"아크메이지(불,독)",293,블링 하리화 헤어,조용한 눈 얼굴,홍조 라벤더 피부,갈색+파란색,블링 하리화 헤어+갈색+파란색,조용한 눈 얼굴+갈색+에메랄드,갈색+에메랄드
111,교서,스카니아,여,신궁,293,안젤라 헤어,조용한 눈 얼굴,뽀송 라벤더 피부,X+노란색,안젤라 헤어+X+노란색,조용한 눈 얼굴+X+검은색,X+검은색
112,RJ115697,엘리시움,남,히어로,293,조용한 헤어,물기 스며든 얼굴,뽀송 라벤더 피부,검은색+노란색,조용한 헤어+검은색+노란색,물기 스며든 얼굴+빨간색+파란색,빨간색+파란색
113,Eilofe,유니온,남,히어로,293,블링 루야 헤어,차분한 헤헤 얼굴,홍조 꽃잎 피부,검은색+파란색,블링 루야 헤어+검은색+파란색,차분한 헤헤 얼굴+보라색+에메랄드,보라색+에메랄드
114,탱이갓제논,베라,남,제논,293,사이버네틱,침착한 눈 얼굴,뽀송 꽃잎 피부,검은색+파란색,사이버네틱+검은색+파란색,침착한 눈 얼굴+X+파란색,X+파란색
115,호종샴,제니스,여,아델,293,치즈볼 헤어,차차 얼굴,뽀송 꽃잎 피부,갈색+파란색,치즈볼 헤어+갈색+파란색,차차 얼굴+검은색+파란색,검은색+파란색
116,푸우,루나,남,아델,293,빅토리 라이더 헤어,멍한 얼굴,뽀송 라벤더 피부,검은색+파란색,빅토리 라이더 헤어+검은색+파란색,멍한 얼굴+빨간색+파란색,빨간색+파란색
117,쁠이블,크로아,남,듀얼블레이더,293,플로리안 헤어,멍한 얼굴,홍조 꽃잎 피부,갈색+파란색,플로리안 헤어+갈색+파란색,멍한 얼굴+에메랄드+자수정,에메랄드+자수정
118,안녕별잇,유니온,남,아란,293,메모리 헤어,물기 스며든 얼굴,뽀송 꽃잎 피부,검은색+초록색,메모리 헤어+검은색+초록색,물기 스며든 얼굴+X+파란색,X+파란색
119,냥이롬,스카니아,여,히어로,293,바로등교 헤어,루시드 얼굴,뽀송 꽃잎 피부,갈색+검은색,바로등교 헤어+갈색+검은색,루시드 얼굴+보라색+에메랄드,보라색+에메랄드
120,휴씨엔버,루나,여,엔젤릭버스터,293,라리엘 헤어,차차 얼굴,홍조 꽃잎 피부,검은색+파란색,라리엘 헤어+검은색+파란색,차차 얼굴+보라색+파란색,보라색+파란색
121,휴씨엔버,루나,여,엔젤릭버스터,293,매화 헤어,한 입만 얼굴,뽀송 라벤더 피부,검은색+초록색,매화 헤어+검은색+초록색,한 입만 얼굴+갈색+에메랄드,갈색+에메랄드
122,별바람,크로아,여,윈드브레이커,293,라리엘 헤어,조용한 눈 얼굴,뽀송 꽃잎 피부,보라색+초록색,라리엘 헤어+보라색+초록색,조용한 눈 얼굴+빨간색+에메랄드,빨간색+에메랄드
123,도비,엘리시움,여,와일드헌터,293,스테리 헤어,멈한 멀굴,홍조 꽃잎 피부,주황색+파란색,스테리 헤어+주황색+파란색,멈한 멀굴+갈색+초록색,갈색+초록색
124,천당,스카니아,남,팔라딘,293,시간의나라 흰토끼 헤어,차분한 루시드 얼굴,뽀송 라벤더 피부,갈색+초록색,시간의나라 흰토끼 헤어+갈색+초록색,차분한 루시드 얼굴+갈색+파란색,갈색+파란색
125,깽키,루나,남,카이저,293,플로리안 헤어,멍한 얼굴,뽀송 라벤더 피부,검은색+주황색,플로리안 헤어+검은색+주황색,멍한 얼굴+에메랄드+자수정,에메랄드+자수정
126,중곤,엘리시움,남,듀얼블레이더,293,에반 남자 머리,졸린 얼굴,뽀송 라벤더 피부,검은색+초록색,에반 남자 머리+검은색+초록색,졸린 얼굴+보라색+초록색,보라색+초록색
127,글죠,루나,여,섀도어,293,라리엘 헤어,조용한 눈 얼굴,뽀송 라벤더 피부,주황색+파란색,라리엘 헤어+주황색+파란색,조용한 눈 얼굴+에메랄드+자수정,에메랄드+자수정
128,지봉이,루나,여,나이트워커,293,엘로디 헤어,순수 디어 얼굴,홍조 라벤더 피부,보라색+초록색,엘로디 헤어+보라색+초록색,순수 디어 얼굴+빨간색+에메랄드,빨간색+에메랄드
129,Meeting,엘리시움,남,아크,293,아렌 헤어,뮤트 얼굴,뽀송 라벤더 피부,검은색+보라색,아렌 헤어+검은색+보라색,뮤트 얼굴+X+빨간색,X+빨간색
130,내가준느,유니온,여,엔젤릭버스터,293,아침등교 헤어,차분한 헤헤 얼굴,뽀송 꽃잎 피부,보라색+빨간색,아침등교 헤어+보라색+빨간색,차분한 헤헤 얼굴+에메랄드+파란색,에메랄드+파란색
131,내가준느,유니온,여,엔젤릭버스터,293,별구름 헤어,차분한 헤헤 얼굴,뽀송 꽃잎 피부,보라색+파란색,별구름 헤어+보라색+파란색,차분한 헤헤 얼굴+검은색+파란색,검은색+파란색
132,스포츠,스카니아,여,다크나이트,293,라리엘 헤어,졸린 얼굴,뽀송 라벤더 피부,보라색+초록색,라리엘 헤어+보라색+초록색,졸린 얼굴+X+검은색,X+검은색
133,소떡,스카니아,여,히어로,293,안개 클루 헤어,졸린 얼굴,홍조 꽃잎 피부,노란색+파란색,안개 클루 헤어+노란색+파란색,졸린 얼굴+보라색+초록색,보라색+초록색
134,댕기,루나,남,아크,293,뾰롱이 헤어,깨도잉 얼굴,커스텀 비비드 컬러 피부,보라색+초록색,뾰롱이 헤어+보라색+초록색,깨도잉 얼굴+X+검은색,X+검은색
135,채류아,오로라,여,아델,293,안개 라리엘 헤어,조용한 눈 얼굴,뽀송 꽃잎 피부,보라색+초록색,안개 라리엘 헤어+보라색+초록색,조용한 눈 얼굴+X+검은색,X+검은색
136,인도,크로아,남,아란,293,테디 헤어,깨도잉 얼굴,홍조 라벤더 피부,검은색+노란색,테디 헤어+검은색+노란색,깨도잉 얼굴+에메랄드+자수정,에메랄드+자수정
137,성꽃,베라,남,팬텀,293,영웅 팬텀 헤어,샤이닝 얼굴,뽀송 꽃잎 피부,검은색+노란색,영웅 팬텀 헤어+검은색+노란색,샤이닝 얼굴+에메랄드+초록색,에메랄드+초록색
138,딸긔,크로아,여,아델,293,라일락 헤어,아잉 얼굴,스피넬 피부,노란색+초록색,라일락 헤어+노란색+초록색,아잉 얼굴+X+검은색,X+검은색
139,훅지른캐릭Il,이노시스,남,다크나이트,293,페어리 헤어,멍한 얼굴,뽀송 꽃잎 피부,X+검은색,페어리 헤어+X+검은색,멍한 얼굴+검은색+자수정,검은색+자수정
140,초림,베라,남,패스파인더,293,안젤로 헤어,제롬 얼굴,홍조 꽃잎 피부,갈색+보라색,안젤로 헤어+갈색+보라색,제롬 얼굴+에메랄드+자수정,에메랄드+자수정
141,남한,스카니아,남,에반,292,플로리안 헤어,멍한 얼굴,홍조 라벤더 피부,검은색+초록색,플로리안 헤어+검은색+초록색,멍한 얼굴+보라색+파란색,보라색+파란색
142,동연,루나,남,나이트로드,292,사고뭉치 헤어,졸린 얼굴,뽀송 라벤더 피부,갈색+파란색,사고뭉치 헤어+갈색+파란색,졸린 얼굴+검은색+파란색,검은색+파란색
143,네코,스카니아,여,듀얼블레이더,292,라리엘 헤어,꼬맹이 얼굴,홍조 라벤더 피부,갈색+빨간색,라리엘 헤어+갈색+빨간색,꼬맹이 얼굴+빨간색+에메랄드,빨간색+에메랄드
144,보룬,크로아,기타,제로,292,데이즈 헤어,차차 얼굴,홍조 꽃잎 피부,보라색+파란색,데이즈 헤어+보라색+파란색,차차 얼굴+자수정+파란색,자수정+파란색
145,보룬,크로아,기타,제로,292,데이즈 헤어,차차 얼굴,홍조 꽃잎 피부,보라색+파란색,데이즈 헤어+보라색+파란색,차차 얼굴+보라색+파란색,보라색+파란색
146,곱상한,루나,여,은월,292,젠헤어,도발적인 아잉 얼굴,뽀송 꽃잎 피부,X+검은색,젠헤어+X+검은색,도발적인 아잉 얼굴+갈색+자수정,갈색+자수정
147,창술,크로아,여,다크나이트,292,밤의 안젤라 헤어,조용한 눈 얼굴,뽀송 라벤더 피부,검은색+빨간색,밤의 안젤라 헤어+검은색+빨간색,조용한 눈 얼굴+갈색+에메랄드,갈색+에메랄드
148,이어징,스카니아,남,제논,292,플로리안 헤어,멍한 얼굴,뽀송 라벤더 피부,검은색+초록색,플로리안 헤어+검은색+초록색,멍한 얼굴+검은색+파란색,검은색+파란색
149,비올팬,엘리시움,남,팬텀,292,니키 헤어,차차 얼굴,뽀송 라벤더 피부,주황색+파란색,니키 헤어+주황색+파란색,차차 얼굴+빨간색+에메랄드,빨간색+에메랄드
150,큐랑,엘리시움,여,호영,292,안개 안젤라 헤어,꼬맹이 얼굴,뽀송 라벤더 피부,X+보라색,안개 안젤라 헤어+X+보라색,꼬맹이 얼굴+X+파란색,X+파란색
151,시기S,크로아,남,듀얼블레이더,292,동백 헤어,볼매 얼굴,홍조 꽃잎 피부,주황색+파란색,동백 헤어+주황색+파란색,볼매 얼굴+갈색+에메랄드,갈색+에메랄드
152,병력,크로아,남,히어로,292,루시드 헤어,차차 얼굴,뽀송 꽃잎 피부,갈색+파란색,루시드 헤어+갈색+파란색,차차 얼굴+빨간색+파란색,빨간색+파란색
153,노래,크로아,남,듀얼블레이더,292,테디 헤어,깨도잉 얼굴,홍조 라벤더 피부,갈색+파란색,테디 헤어+갈색+파란색,깨도잉 얼굴+빨간색+에메랄드,빨간색+에메랄드
154,욱브,스카니아,남,윈드브레이커,292,블링 토벤 헤어,아잉 얼굴,뽀송 꽃잎 피부,검은색+보라색,블링 토벤 헤어+검은색+보라색,아잉 얼굴+에메랄드+파란색,에메랄드+파란색
155,니벨룽겐P,엘리시움,남,카이저,292,빅 포인트 헤어,포로링 얼굴,뽀송 꽃잎 피부,보라색+빨간색,빅 포인트 헤어+보라색+빨간색,포로링 얼굴+검은색+자수정,검은색+자수정
156,솜꽃잎,크로아,여,다크나이트,292,원더 바니,조용한 눈 얼굴,홍조 꽃잎 피부,빨간색+파란색,원더 바니+빨간색+파란색,조용한 눈 얼굴+빨간색+초록색,빨간색+초록색
157,복복,엘리시움,남,팔라딘,292,플로리안 헤어,졸린 얼굴,뽀송 라벤더 피부,검은색+초록색,플로리안 헤어+검은색+초록색,졸린 얼굴+검은색+자수정,검은색+자수정
158,귀욤,루나,여,아크,292,시원한 아침등교 헤어,깨아잉 얼굴,커스텀 뽀송 라벤더 컬러라인 피부,검은색+주황색,시원한 아침등교 헤어+검은색+주황색,깨아잉 얼굴+검은색+빨간색,검은색+빨간색
159,사슬낫의제니,루나,남,카데나,292,데이즈 헤어,헤헤 얼굴,뽀송 꽃잎 피부,갈색+노란색,데이즈 헤어+갈색+노란색,헤헤 얼굴+빨간색+자수정,빨간색+자수정
160,큐리링,크로아,여,배틀메이지,292,펄리 헤어,조용한 눈 얼굴,홍조 라벤더 피부,보라색+초록색,펄리 헤어+보라색+초록색,조용한 눈 얼굴+에메랄드+자수정,에메랄드+자수정
161,플티아,루나,여,비숍,292,안개 셀린 헤어,조용한 눈 얼굴,뽀송 라벤더 피부,X+검은색,안개 셀린 헤어+X+검은색,조용한 눈 얼굴+에메랄드+자수정,에메랄드+자수정
162,싹싹,루나,여,팔라딘,292,꼬마 데이즈 헤어,차차 얼굴,몬스터 핑크빈 피부,갈색+파란색,꼬마 데이즈 헤어+갈색+파란색,차차 얼굴+검은색+파란색,검은색+파란색
163,포츈베이요넷,크로아,남,에반,292,리르하 헤어,조용한 눈 얼굴,홍조 꽃잎 피부,검은색+노란색,리르하 헤어+검은색+노란색,조용한 눈 얼굴+갈색+빨간색,갈색+빨간색
164,듄뎨,제니스,남,플레임위자드,292,호박머리,깨도잉 얼굴,옥구슬 피부,노란색+초록색,호박머리+노란색+초록색,깨도잉 얼굴+검은색+보라색,검은색+보라색
165,감귤있어요,베라,여,"아크메이지(썬,콜)",292,썬콜 헤어,조용한 눈 얼굴,홍조 꽃잎 피부,보라색+파란색,썬콜 헤어+보라색+파란색,조용한 눈 얼굴+검은색+파란색,검은색+파란색
166,냐무마,스카니아,여,아델,292,메블리 헤어,차분한 헤헤 얼굴,홍조 꽃잎 피부,노란색+보라색,메블리 헤어+노란색+보라색,차분한 헤헤 얼굴+갈색+검은색,갈색+검은색
167,꺄앙주인,루나,남,윈드브레이커,292,테디 헤어,도발적인 아잉 얼굴,뽀송 꽃잎 피부,갈색+파란색,테디 헤어+갈색+파란색,도발적인 아잉 얼굴+X+검은색,X+검은색
168,아이코쿠마,루나,여,"아크메이지(불,독)",292,엘로디 헤어,졸린 조용한 얼굴,뽀송 꽃잎 피부,갈색+보라색,엘로디 헤어+갈색+보라색,졸린 조용한 얼굴+에메랄드+자수정,에메랄드+자수정
169,주희디,유니온,여,윈드브레이커,292,라리엘 헤어,냉소적인 아잉 얼굴,뽀송 라벤더 피부,주황색+파란색,라리엘 헤어+주황색+파란색,냉소적인 아잉 얼굴+검은색+에메랄드,검은색+에메랄드
170,3DPAINT,루나,남,듀얼블레이더,292,아로하 헤어,그리운 얼굴,뽀송 꽃잎 피부,보라색+파란색,아로하 헤어+보라색+파란색,그리운 얼굴+보라색+파란색,보라색+파란색
171,점점,엘리시움,여,"아크메이지(썬,콜)",292,엘로디 헤어,조용한 눈 얼굴,홍조 라벤더 피부,보라색+초록색,엘로디 헤어+보라색+초록색,조용한 눈 얼굴+검은색+파란색,검은색+파란색
172,효도,크로아,여,엔젤릭버스터,292,라리엘 헤어,차분한 헤헤 얼굴,뽀송 꽃잎 피부,보라색+초록색,라리엘 헤어+보라색+초록색,차분한 헤헤 얼굴+검은색+초록색,검은색+초록색
173,효도,크로아,여,엔젤릭버스터,292,안젤라 헤어,랑드 얼굴,홍조 라벤더 피부,검은색+주황색,안젤라 헤어+검은색+주황색,랑드 얼굴+갈색+파란색,갈색+파란색
174,의첨지,스카니아,남,은월,292,블링 토벤 헤어,졸린 얼굴,뽀송 라벤더 피부,검은색+파란색,블링 토벤 헤어+검은색+파란색,졸린 얼굴+보라색+파란색,보라색+파란색
175,혜라,루나,여,"아크메이지(썬,콜)",292,반쪽 병아리콩 헤어,깨아잉 얼굴,뽀송 라벤더 피부,검은색+주황색,반쪽 병아리콩 헤어+검은색+주황색,깨아잉 얼굴+검은색+보라색,검은색+보라색
176,카시,스카니아,여,섀도어,292,데이즈 헤어,조용한 눈 얼굴,뽀송 라벤더 피부,갈색+초록색,데이즈 헤어+갈색+초록색,조용한 눈 얼굴+에메랄드+자수정,에메랄드+자수정
177,중딩,엘리시움,남,섀도어,292,체커 록키 헤어,몬스터 슬라임 얼굴,뽀송 꽃잎 피부,X+검은색,체커 록키 헤어+X+검은색,몬스터 슬라임 얼굴+보라색+초록색,보라색+초록색
178,띤잘,루나,여,메카닉,292,라로즈 헤어,아서 얼굴,뽀송 꽃잎 피부,갈색+파란색,라로즈 헤어+갈색+파란색,아서 얼굴+갈색+파란색,갈색+파란색
179,이제티,루나,여,메카닉,292,라로즈 헤어,조용한 눈 얼굴,홍조 꽃잎 피부,보라색+빨간색,라로즈 헤어+보라색+빨간색,조용한 눈 얼굴+보라색+파란색,보라색+파란색
180,미운,엘리시움,남,히어로,292,테디 헤어,졸린 얼굴,뽀송 라벤더 피부,갈색+파란색,테디 헤어+갈색+파란색,졸린 얼굴+에메랄드+자수정,에메랄드+자수정
181,밍안,스카니아,여,라라,292,발랄웨이브 헤어,깨도잉 얼굴,뽀송 라벤더 피부,검은색+초록색,발랄웨이브 헤어+검은색+초록색,깨도잉 얼굴+검은색+자수정,검은색+자수정
182,넨코,루나,여,라라,292,엘로디 헤어,헤헤 얼굴,홍조 꽃잎 피부,검은색+파란색,엘로디 헤어+검은색+파란색,헤헤 얼굴+X+검은색,X+검은색
183,hs푸른하늘sh,크로아,남,다크나이트,292,수호 헤어,차분한 루시드 얼굴,뽀송 꽃잎 피부,빨간색+초록색,수호 헤어+빨간색+초록색,차분한 루시드 얼굴+빨간색+초록색,빨간색+초록색
184,한송우,엘리시움,남,나이트로드,292,포유 헤어,꿈꾸는 얼굴,뽀송 꽃잎 피부,X+검은색,포유 헤어+X+검은색,꿈꾸는 얼굴+보라색+에메랄드,보라색+에메랄드
185,Ssiwoo,루나,남,아란,292,포근 코튼 헤어,아잉 얼굴,홍조 꽃잎 피부,보라색+초록색,포근 코튼 헤어+보라색+초록색,아잉 얼굴+검은색+파란색,검은색+파란색
186,RetroRampage,엘리시움,여,블래스터,292,오르카 헤어,뭐요 얼굴,홍조 꽃잎 피부,보라색+빨간색,오르카 헤어+보라색+빨간색,뭐요 얼굴+보라색+에메랄드,보라색+에메랄드
187,어린공주,유니온,여,"아크메이지(불,독)",292,블링크 헤어,뭐래 얼굴,홍조 라벤더 피부,보라색+빨간색,블링크 헤어+보라색+빨간색,뭐래 얼굴+검은색+자수정,검은색+자수정
188,우락키네,엘리시움,여,키네시스,292,안개 수려 헤어,조용한 눈 얼굴,뽀송 꽃잎 피부,빨간색+초록색,안개 수려 헤어+빨간색+초록색,조용한 눈 얼굴+갈색+에메랄드,갈색+에메랄드
189,케롤,스카니아,여,"아크메이지(불,독)",292,발랄웨이브 헤어,졸린 조용한 얼굴,뽀송 라벤더 피부,검은색+초록색,발랄웨이브 헤어+검은색+초록색,졸린 조용한 얼굴+갈색+에메랄드,갈색+에메랄드
190,사선추격,스카니아,남,캡틴,292,안개 퍼즐 헤어,꼬맹이 얼굴,홍조 꽃잎 피부,검은색+주황색,안개 퍼즐 헤어+검은색+주황색,꼬맹이 얼굴+검은색+파란색,검은색+파란색
191,동전,루나,남,섀도어,292,히트맨 헤어,왜요 얼굴,뽀송 라벤더 피부,검은색+노란색,히트맨 헤어+검은색+노란색,왜요 얼굴+X+검은색,X+검은색
192,파스,엘리시움,여,"아크메이지(썬,콜)",292,안개 엘로디 헤어,조용한 눈 얼굴,뽀송 라벤더 피부,갈색+파란색,안개 엘로디 헤어+갈색+파란색,조용한 눈 얼굴+갈색+에메랄드,갈색+에메랄드
193,원우,베라,여,비숍,292,데이즈 헤어,조용한 눈 얼굴,뽀송 라벤더 피부,보라색+초록색,데이즈 헤어+보라색+초록색,조용한 눈 얼굴+빨간색+파란색,빨간색+파란색
194,래찬,루나,여,소울마스터,292,웬디 헤어,조용한 눈 얼굴,뽀송 꽃잎 피부,보라색+파란색,웬디 헤어+보라색+파란색,조용한 눈 얼굴+에메랄드+자수정,에메랄드+자수정
195,섀마,스카니아,남,섀도어,292,플로우 헤어,멍한 얼굴,뽀송 꽃잎 피부,검은색+빨간색,플로우 헤어+검은색+빨간색,멍한 얼굴+X+검은색,X+검은색
196,BrutalThief,루나,남,섀도어,292,블레스 헤어,도전적인 얼굴,뽀송 꽃잎 피부,X+빨간색,블레스 헤어+X+빨간색,도전적인 얼굴+X+파란색,X+파란색
197,연님,스카니아,여,아델,292,하이틴 걸 헤어,조용한 눈 얼굴,뽀송 라벤더 피부,검은색+노란색,하이틴 걸 헤어+검은색+노란색,조용한 눈 얼굴+에메랄드+자수정,에메랄드+자수정
198,쩝법사21세,이노시스,남,배틀메이지,292,큐즈미 헤어,은한 얼굴,홍조 꽃잎 피부,보라색+파란색,큐즈미 헤어+보라색+파란색,은한 얼굴+검은색+빨간색,검은색+빨간색
199,히나,베라,기타,제로,292,시원한 아침등교 헤어,멍한 오드아이 얼굴,뽀송 라벤더 피부,검은색+주황색,시원한 아침등교 헤어+검은색+주황색,멍한 오드아이 얼굴+검은색+빨간색,검은색+빨간색
200,히나,베라,기타,제로,292,엘로디 헤어,조용한 눈 얼굴,홍조 라벤더 피부,갈색+검은색,엘로디 헤어+갈색+검은색,조용한 눈 얼굴+검은색+빨간색,검은색+빨간색
201,Elimentall9,유니온,여,비숍,292,블라썸 헤어,디어 얼굴,밀키 피부,X+갈색,블라썸 헤어+X+갈색,디어 얼굴+X+검은색,X+검은색
202,딱조,오로라,여,"아크메이지(불,독)",292,엘로디 헤어,조용한 눈 얼굴,홍조 라벤더 피부,갈색+파란색,엘로디 헤어+갈색+파란색,조용한 눈 얼굴+에메랄드+자수정,에메랄드+자수정
203,카인님,크로아,남,카인,292,안젤로 헤어,츄르 얼굴,뽀송 라벤더 피부,검은색+노란색,안젤로 헤어+검은색+노란색,츄르 얼굴+에메랄드+자수정,에메랄드+자수정
204,쏘쿨,스카니아,남,팬텀,292,요정윙 헤어,졸린 얼굴,뽀송 라벤더 피부,검은색+보라색,요정윙 헤어+검은색+보라색,졸린 얼굴+검은색+파란색,검은색+파란색
205,자너,스카니아,여,섀도어,292,산뜻 단발 헤어,졸린 조용한 얼굴,뽀송 라벤더 피부,노란색+파란색,산뜻 단발 헤어+노란색+파란색,졸린 조용한 얼굴+보라색+에메랄드,보라색+에메랄드
206,햄쥬,엘리시움,남,캐논마스터,292,애쉬 프리즘 헤어,냉소적인 아잉 얼굴,뽀송 라벤더 피부,갈색+파란색,애쉬 프리즘 헤어+갈색+파란색,냉소적인 아잉 얼굴+X+검은색,X+검은색
207,살마키스s,크로아,여,에반,292,블링 조용한 헤어,조용한 눈 얼굴,홍조 꽃잎 피부,빨간색+파란색,블링 조용한 헤어+빨간색+파란색,조용한 눈 얼굴+검은색+초록색,검은색+초록색
208,세계,엘리시움,남,윈드브레이커,292,쿼츠 헤어,만지 얼굴,커스텀 비비드 컬러 피부,노란색+파란색,쿼츠 헤어+노란색+파란색,만지 얼굴+갈색+검은색,갈색+검은색
209,독성,오로라,남,"아크메이지(불,독)",292,밤의 안젤로 헤어,츄르 얼굴,뽀송 라벤더 피부,검은색+빨간색,밤의 안젤로 헤어+검은색+빨간색,츄르 얼굴+빨간색+에메랄드,빨간색+에메랄드
210,Center,루나,남,소울마스터,292,안젤로 헤어,깨아잉 얼굴,뽀송 라벤더 피부,검은색+주황색,안젤로 헤어+검은색+주황색,깨아잉 얼굴+보라색+파란색,보라색+파란색
211,참피학대파,베라,여,일리움,292,이슬꽃 헤어,왜죠 얼굴,태닝 피부,갈색+검은색,이슬꽃 헤어+갈색+검은색,왜죠 얼굴+검은색+파란색,검은색+파란색
212,겨누인,제니스,기타,제로,292,테디 헤어,차차 얼굴,뽀송 꽃잎 피부,검은색+노란색,테디 헤어+검은색+노란색,차차 얼굴+검은색+자수정,검은색+자수정
213,겨누인,제니스,기타,제로,292,블링 신비 헤어,아잉 얼굴,뽀송 꽃잎 피부,주황색+파란색,블링 신비 헤어+주황색+파란색,아잉 얼굴+X+검은색,X+검은색
214,검성남짱,루나,남,히어로,292,채운 헤어,차분한 루시드 얼굴,뽀송 라벤더 피부,X+검은색,채운 헤어+X+검은색,차분한 루시드 얼굴+빨간색+에메랄드,빨간색+에메랄드
215,Jons,베라,남,데몬어벤져,292,백야 헤어,차차 얼굴,커스텀 비비드 컬러 피부,갈색+파란색,백야 헤어+갈색+파란색,차차 얼굴+보라색+파란색,보라색+파란색
216,숙원,스카니아,남,바이퍼,292,수호 헤어,뮤트 얼굴,뽀송 라벤더 피부,검은색+주황색,수호 헤어+검은색+주황색,뮤트 얼굴+에메랄드+자수정,에메랄드+자수정
217,병국,루나,남,데몬슬레이어,292,플로리안 헤어,루시드 얼굴,뽀송 꽃잎 피부,노란색+파란색,플로리안 헤어+노란색+파란색,루시드 얼굴+X+검은색,X+검은색
218,춥고,루나,남,아크,292,레드카펫 헤어,루시드 얼굴,뽀송 꽃잎 피부,갈색+검은색,레드카펫 헤어+갈색+검은색,루시드 얼굴+갈색+빨간색,갈색+빨간색
219,Feta,스카니아,남,루미너스,292,영웅 팬텀 헤어,차차 얼굴,뽀송 꽃잎 피부,보라색+파란색,영웅 팬텀 헤어+보라색+파란색,차차 얼굴+보라색+자수정,보라색+자수정
220,난또삐,스카니아,여,데몬어벤져,292,말괄량이 헤어,조용한 눈 얼굴,홍조 꽃잎 피부,검은색+주황색,말괄량이 헤어+검은색+주황색,조용한 눈 얼굴+갈색+보라색,갈색+보라색
221,숫기,엘리시움,남,플레임위자드,292,안개 퍼즐 헤어,차차 얼굴,뽀송 라벤더 피부,검은색+주황색,안개 퍼즐 헤어+검은색+주황색,차차 얼굴+검은색+파란색,검은색+파란색
222,유리카,크로아,여,블래스터,292,블링 소프라노 헤어,저거 사줘 얼굴,뽀송 꽃잎 피부,보라색+초록색,블링 소프라노 헤어+보라색+초록색,저거 사줘 얼굴+X+갈색,X+갈색
223,시쟈,제니스,남,나이트로드,292,리커버 헤어,멍한 얼굴,뽀송 라벤더 피부,검은색+보라색,리커버 헤어+검은색+보라색,멍한 얼굴+검은색+파란색,검은색+파란색
224,표도,베라,여,나이트로드,292,시원한 아침등교 헤어,랑드 얼굴,뽀송 라벤더 피부,검은색+노란색,시원한 아침등교 헤어+검은색+노란색,랑드 얼굴+검은색+빨간색,검은색+빨간색
225,진로,엘리시움,여,윈드브레이커,292,라리엘 헤어,랑드 얼굴,뽀송 라벤더 피부,보라색+초록색,라리엘 헤어+보라색+초록색,랑드 얼굴+갈색+파란색,갈색+파란색
226,캐슈,루나,남,캐논마스터,292,스테리 헤어,웡키 얼굴,뽀송 라벤더 피부,보라색+초록색,스테리 헤어+보라색+초록색,웡키 얼굴+X+검은색,X+검은색
227,이나린,엘리시움,여,아크,292,데이즈 헤어,순수 디어 얼굴,뽀송 라벤더 피부,보라색+초록색,데이즈 헤어+보라색+초록색,순수 디어 얼굴+보라색+파란색,보라색+파란색
228,뼈묠,제니스,남,팔라딘,292,더듬이 헤어,전설의 얼굴,커스텀 비비드 컬러 피부,보라색+주황색,더듬이 헤어+보라색+주황색,전설의 얼굴+빨간색+자수정,빨간색+자수정
229,유자쏘주,엘리시움,여,에반,292,맑은 단발 헤어,멍한 얼굴,뽀송 꽃잎 피부,빨간색+파란색,맑은 단발 헤어+빨간색+파란색,멍한 얼굴+X+검은색,X+검은색
230,서경이,크로아,남,"아크메이지(불,독)",292,꼬마야 헤어,조용한 눈 얼굴,뽀송 꽃잎 피부,검은색+파란색,꼬마야 헤어+검은색+파란색,조용한 눈 얼굴+에메랄드+자수정,에메랄드+자수정
231,메세지,스카니아,남,비숍,292,블링 에반 헤어,멍한 얼굴,뽀송 라벤더 피부,갈색+검은색,블링 에반 헤어+갈색+검은색,멍한 얼굴+빨간색+초록색,빨간색+초록색
232,코세,엘리시움,남,데몬슬레이어,292,에반 남자 머리,한결같은 신비얼굴,뽀송 라벤더 피부,검은색+초록색,에반 남자 머리+검은색+초록색,한결같은 신비얼굴+빨간색+파란색,빨간색+파란색
233,건들면클나용,유니온,여,아델,292,말괄량이 헤어,차분한 헤헤 얼굴,홍조 꽃잎 피부,노란색+빨간색,말괄량이 헤어+노란색+빨간색,차분한 헤헤 얼굴+X+파란색,X+파란색
234,섭이,엘리시움,남,비숍,292,넵튠 헤어,차차 얼굴,뽀송 라벤더 피부,보라색+초록색,넵튠 헤어+보라색+초록색,차차 얼굴+검은색+파란색,검은색+파란색
235,소방청장,스카니아,남,비숍,292,아침등교 헤어,멋져 얼굴,뽀송 꽃잎 피부,갈색+검은색,아침등교 헤어+갈색+검은색,멋져 얼굴+보라색+자수정,보라색+자수정
236,전통적인궁수,유니온,남,신궁,292,더벅 머리,도전적인 얼굴,크림 피부,갈색+검은색,더벅 머리+갈색+검은색,도전적인 얼굴+X+파란색,X+파란색
237,핌이,엘리시움,남,비숍,292,채운 헤어,깨도잉 얼굴,뽀송 라벤더 피부,검은색+보라색,채운 헤어+검은색+보라색,깨도잉 얼굴+검은색+자수정,검은색+자수정
238,히터,엘리시움,남,"아크메이지(불,독)",292,시간의나라 흰토끼 헤어,차차 얼굴,뽀송 라벤더 피부,검은색+파란색,시간의나라 흰토끼 헤어+검은색+파란색,차차 얼굴+검은색+파란색,검은색+파란색
239,해조,유니온,남,섀도어,292,빅토리 라이더 헤어,은은한 루어 얼굴,뽀송 라벤더 피부,검은색+파란색,빅토리 라이더 헤어+검은색+파란색,은은한 루어 얼굴+빨간색+에메랄드,빨간색+에메랄드
240,치리,크로아,여,메르세데스,292,치즈볼 헤어,뭐요 얼굴,엘프 피부,갈색+검은색,치즈볼 헤어+갈색+검은색,뭐요 얼굴+검은색+파란색,검은색+파란색
241,매력만빵,스카니아,여,엔젤릭버스터,292,펄리 헤어,졸린 조용한 얼굴,뽀송 라벤더 피부,빨간색+초록색,펄리 헤어+빨간색+초록색,졸린 조용한 얼굴+갈색+에메랄드,갈색+에메랄드
242,매력만빵,스카니아,여,엔젤릭버스터,292,안개 안젤라 헤어,조용한 눈 얼굴,뽀송 라벤더 피부,갈색+검은색,안개 안젤라 헤어+갈색+검은색,조용한 눈 얼굴+자수정+초록색,자수정+초록색
243,토하,루나,남,블래스터,292,쿼츠 헤어,멍한 오드아이 얼굴,뽀송 라벤더 피부,검은색+노란색,쿼츠 헤어+검은색+노란색,멍한 오드아이 얼굴+빨간색+에메랄드,빨간색+에메랄드
244,리테,루나,남,윈드브레이커,292,숲의 요정,안젤로 얼굴,홍조 꽃잎 피부,보라색+초록색,숲의 요정+보라색+초록색,안젤로 얼굴+초록색+파란색,초록색+파란색
245,똑설,스카니아,여,비숍,292,블링 슈가캔디 헤어,조용한 눈 얼굴,뽀송 라벤더 피부,검은색+노란색,블링 슈가캔디 헤어+검은색+노란색,조용한 눈 얼굴+빨간색+에메랄드,빨간색+에메랄드
246,나넹,스카니아,여,윈드브레이커,292,흑설탕 헤어,엘 페일 얼굴,뽀송 꽃잎 피부,보라색+초록색,흑설탕 헤어+보라색+초록색,엘 페일 얼굴+갈색+초록색,갈색+초록색
247,하란,오로라,여,패스파인더,292,버블리 헤어,조용한 눈 얼굴,홍조 꽃잎 피부,빨간색+파란색,버블리 헤어+빨간색+파란색,조용한 눈 얼굴+에메랄드+자수정,에메랄드+자수정
248,헤븐즈도어,크로아,남,비숍,292,리시안 헤어,차차 얼굴,뽀송 라벤더 피부,갈색+검은색,리시안 헤어+갈색+검은색,차차 얼굴+검은색+파란색,검은색+파란색
249,예식,스카니아,여,비숍,292,클루 헤어,청명 얼굴,뽀송 라벤더 피부,빨간색+파란색,클루 헤어+빨간색+파란색,청명 얼굴+검은색+자수정,검은색+자수정
250,정식,스카니아,여,아델,292,엘로디 헤어,졸린 오드아이 얼굴,뽀송 라벤더 피부,초록색+파란색,엘로디 헤어+초록색+파란색,졸린 오드아이 얼굴+자수정+초록색,자수정+초록색
251,긴장,스카니아,남,듀얼블레이더,292,에반 남자 머리,빠밤 얼굴,뽀송 꽃잎 피부,검은색+초록색,에반 남자 머리+검은색+초록색,빠밤 얼굴+갈색+검은색,갈색+검은색
252,드랭,스카니아,여,듀얼블레이더,292,Selfy 리본 하이 헤어,Selfy 물들은 얼굴,뽀송 라벤더 피부,노란색+파란색,Selfy 리본 하이 헤어+노란색+파란색,Selfy 물들은 얼굴+X+검은색,X+검은색
253,벨치스,루나,남,블래스터,292,뾰롱이 헤어,전설의 얼굴,커스텀 비비드 컬러 피부,초록색+파란색,뾰롱이 헤어+초록색+파란색,전설의 얼굴+X+검은색,X+검은색
254,서산강한남자,크로아,여,엔젤릭버스터,292,애쉬 버블리 헤어,아잉 얼굴,홍조 꽃잎 피부,검은색+초록색,애쉬 버블리 헤어+검은색+초록색,아잉 얼굴+X+검은색,X+검은색
255,서산강한남자,크로아,여,엔젤릭버스터,292,블랑슈 헤어,깨도잉 얼굴,홍조 꽃잎 피부,검은색+빨간색,블랑슈 헤어+검은색+빨간색,깨도잉 얼굴+X+검은색,X+검은색
256,챌리,스카니아,남,"아크메이지(썬,콜)",292,안개 무결 헤어,랑드 얼굴,뽀송 라벤더 피부,빨간색+초록색,안개 무결 헤어+빨간색+초록색,랑드 얼굴+갈색+파란색,갈색+파란색
257,Aran2최고다,스카니아,남,아란,292,페르 헤어,루시드 얼굴,뽀송 꽃잎 피부,갈색+빨간색,페르 헤어+갈색+빨간색,루시드 얼굴+검은색+파란색,검은색+파란색
258,경기제논,루나,남,제논,292,레드카펫 헤어,한결같은 신비얼굴,뽀송 꽃잎 피부,갈색+검은색,레드카펫 헤어+갈색+검은색,한결같은 신비얼굴+에메랄드+자수정,에메랄드+자수정
259,남준,베라,남,제논,292,페어리 헤어,차차 얼굴,뽀송 라벤더 피부,노란색+파란색,페어리 헤어+노란색+파란색,차차 얼굴+검은색+파란색,검은색+파란색
260,대호,루나,남,아델,292,데이즈 헤어,멍한 얼굴,홍조 꽃잎 피부,갈색+파란색,데이즈 헤어+갈색+파란색,멍한 얼굴+빨간색+파란색,빨간색+파란색
261,승연,레드,여,보우마스터,292,엘로디 헤어,꼬맹이 얼굴,뽀송 꽃잎 피부,보라색+파란색,엘로디 헤어+보라색+파란색,꼬맹이 얼굴+검은색+보라색,검은색+보라색
262,구가,크로아,여,은월,292,안개 라리엘 헤어,차분한 헤헤 얼굴,홍조 라벤더 피부,X+검은색,안개 라리엘 헤어+X+검은색,차분한 헤헤 얼굴+X+검은색,X+검은색
263,구닌,스카니아,여,스트라이커,292,조용한 단발 헤어,디어 얼굴,뽀송 라벤더 피부,X+검은색,조용한 단발 헤어+X+검은색,디어 얼굴+X+검은색,X+검은색
264,Closer,루나,남,카데나,292,페어리 헤어,멍한 얼굴,뽀송 꽃잎 피부,노란색+파란색,페어리 헤어+노란색+파란색,멍한 얼굴+검은색+보라색,검은색+보라색
265,불맛,크로아,여,"아크메이지(불,독)",292,펄리 헤어,창백한 뭐래 얼굴,뽀송 꽃잎 피부,검은색+파란색,펄리 헤어+검은색+파란색,창백한 뭐래 얼굴+자수정+파란색,자수정+파란색
266,전생,엘리시움,남,플레임위자드,292,빅토리 라이더 헤어,멍한 오드아이 얼굴,뽀송 라벤더 피부,검은색+주황색,빅토리 라이더 헤어+검은색+주황색,멍한 오드아이 얼굴+검은색+자수정,검은색+자수정
267,져봐,엘리시움,기타,제로,292,히트맨 헤어,차분한 루시드 얼굴,뽀송 꽃잎 피부,X+검은색,히트맨 헤어+X+검은색,차분한 루시드 얼굴+빨간색+에메랄드,빨간색+에메랄드
268,져봐,엘리시움,기타,제로,292,안개 수려 헤어,차분한 루시드 얼굴,뽀송 꽃잎 피부,검은색+파란색,안개 수려 헤어+검은색+파란색,차분한 루시드 얼굴+X+빨간색,X+빨간색
269,포링슈슈,제니스,여,패스파인더,292,핑키웨이 헤어,흥흥 얼굴,뽀송 꽃잎 피부,검은색+주황색,핑키웨이 헤어+검은색+주황색,흥흥 얼굴+검은색+에메랄드,검은색+에메랄드
270,독주,크로아,남,"아크메이지(불,독)",292,에반 남자 머리,졸린 얼굴,뽀송 라벤더 피부,빨간색+초록색,에반 남자 머리+빨간색+초록색,졸린 얼굴+X+빨간색,X+빨간색
271,Harb,크로아,남,나이트로드,292,루야 헤어,차차 얼굴,뽀송 라벤더 피부,보라색+초록색,루야 헤어+보라색+초록색,차차 얼굴+검은색+파란색,검은색+파란색
272,조승,오로라,남,스트라이커,292,안개 안젤로 헤어,안보여요 얼굴,뽀송 라벤더 피부,갈색+파란색,안개 안젤로 헤어+갈색+파란색,안보여요 얼굴+갈색+보라색,갈색+보라색
273,먹밍,루나,여,아델,292,밤의 안젤라 헤어,헤헤 얼굴,뽀송 꽃잎 피부,검은색+보라색,밤의 안젤라 헤어+검은색+보라색,헤헤 얼굴+보라색+에메랄드,보라색+에메랄드
274,리와와,엘리시움,남,와일드헌터,292,포니 엘피네 헤어,졸린 조용한 얼굴,뽀송 꽃잎 피부,갈색+파란색,포니 엘피네 헤어+갈색+파란색,졸린 조용한 얼굴+갈색+파란색,갈색+파란색
275,월세,이노시스,남,듀얼블레이더,292,플로리안 헤어,한결같은 이국얼굴,아메지스트 피부,보라색+파란색,플로리안 헤어+보라색+파란색,한결같은 이국얼굴+보라색+파란색,보라색+파란색
276,르키,유니온,남,은월,292,새벽 안개 헤어,차분한 루시드 얼굴,뽀송 라벤더 피부,보라색+초록색,새벽 안개 헤어+보라색+초록색,차분한 루시드 얼굴+자수정+파란색,자수정+파란색
277,고서,크로아,남,"아크메이지(썬,콜)",292,애쉬 프리즘 헤어,멍한 얼굴,뽀송 꽃잎 피부,갈색+검은색,애쉬 프리즘 헤어+갈색+검은색,멍한 얼굴+갈색+검은색,갈색+검은색
278,쳐찢,오로라,여,듀얼블레이더,292,라리엘 헤어,쪼꼬미 얼굴,홍조 꽃잎 피부,갈색+파란색,라리엘 헤어+갈색+파란색,쪼꼬미 얼굴+X+자수정,X+자수정
279,탕빠,스카니아,남,카이저,292,레드카펫 헤어,멍한 얼굴,뽀송 꽃잎 피부,검은색+주황색,레드카펫 헤어+검은색+주황색,멍한 얼굴+검은색+파란색,검은색+파란색
280,우향,베라,남,듀얼블레이더,292,포멀 엘피 헤어,멍한 오드아이 얼굴,뽀송 라벤더 피부,보라색+초록색,포멀 엘피 헤어+보라색+초록색,멍한 오드아이 얼굴+에메랄드+자수정,에메랄드+자수정
281,칼리,크로아,여,칼리,292,시크릿 보브 헤어,칼리 얼굴,뽀송 꽃잎 피부,노란색+초록색,시크릿 보브 헤어+노란색+초록색,칼리 얼굴+X+빨간색,X+빨간색
282,하늘과땅차이,스카니아,여,다크나이트,292,솜솜이 헤어,조용한 눈 얼굴,홍조 꽃잎 피부,보라색+파란색,솜솜이 헤어+보라색+파란색,조용한 눈 얼굴+보라색+초록색,보라색+초록색
283,미헤,스카니아,여,팔라딘,292,안젤라 헤어,깨맹이 얼굴,뽀송 라벤더 피부,검은색+파란색,안젤라 헤어+검은색+파란색,깨맹이 얼굴+X+파란색,X+파란색
284,캅쑤,스카니아,남,메카닉,292,허쉬 헤어,동그래 얼굴,뽀송 꽃잎 피부,X+검은색,허쉬 헤어+X+검은색,동그래 얼굴+보라색+빨간색,보라색+빨간색
285,량이,크로아,남,팬텀,292,시엘 헤어,졸린 얼굴,커스텀 뽀송 라벤더 컬러라인 피부,갈색+파란색,시엘 헤어+갈색+파란색,졸린 얼굴+검은색+파란색,검은색+파란색
286,황후,스카니아,여,호영,292,체커 루키 헤어,조용한 눈 얼굴,뽀송 라벤더 피부,보라색+초록색,체커 루키 헤어+보라색+초록색,조용한 눈 얼굴+에메랄드+자수정,에메랄드+자수정
287,읽씹,루나,남,와일드헌터,292,데이즈 헤어,깨도잉 얼굴,뽀송 라벤더 피부,검은색+주황색,데이즈 헤어+검은색+주황색,깨도잉 얼굴+X+검은색,X+검은색
288,어협,제니스,여,엔젤릭버스터,292,러블 헤어,깨도잉 얼굴,홍조 꽃잎 피부,빨간색+파란색,러블 헤어+빨간색+파란색,깨도잉 얼굴+검은색+보라색,검은색+보라색
289,어협,제니스,여,엔젤릭버스터,292,라온 헤어,깨도잉 얼굴,뽀송 라벤더 피부,빨간색+파란색,라온 헤어+빨간색+파란색,깨도잉 얼굴+빨간색+에메랄드,빨간색+에메랄드
290,애잔한배추,베라,남,히어로,292,체커 록키 헤어,졸린 얼굴,홍조 꽃잎 피부,갈색+검은색,체커 록키 헤어+갈색+검은색,졸린 얼굴+빨간색+자수정,빨간색+자수정
291,루시드st,엘리시움,여,비숍,292,루시드 헤어,차분한 루시드 얼굴,뽀송 꽃잎 피부,X+보라색,루시드 헤어+X+보라색,차분한 루시드 얼굴+X+빨간색,X+빨간색
292,기요오,제니스,남,카데나,292,시원한 아침등교 헤어,츄르 얼굴,뽀송 꽃잎 피부,갈색+파란색,시원한 아침등교 헤어+갈색+파란색,츄르 얼굴+갈색+빨간색,갈색+빨간색
293,헬창곽,스카니아,남,아델,292,시원한 아침등교 헤어,조용한 눈 얼굴,뽀송 라벤더 피부,검은색+주황색,시원한 아침등교 헤어+검은색+주황색,조용한 눈 얼굴+자수정+초록색,자수정+초록색
294,더끔더끔더끔,엘리시움,남,아란,292,방울꽃 헤어,물기 스며든 얼굴,뽀송 꽃잎 피부,갈색+파란색,방울꽃 헤어+갈색+파란색,물기 스며든 얼굴+갈색+빨간색,갈색+빨간색
295,인가,크로아,남,은월,292,보송보송 민들레 꽃씨 헤어,안젤로 얼굴,커스텀 비비드 컬러 피부,갈색+파란색,보송보송 민들레 꽃씨 헤어+갈색+파란색,안젤로 얼굴+빨간색+파란색,빨간색+파란색
296,밀념,아케인,남,다크나이트,292,스테리 헤어,차분한 루시드 얼굴,뽀송 라벤더 피부,검은색+노란색,스테리 헤어+검은색+노란색,차분한 루시드 얼굴+X+검은색,X+검은색
297,하루히,베라,여,데몬슬레이어,292,핑키웨이 헤어,랑드 얼굴,뽀송 라벤더 피부,검은색+파란색,핑키웨이 헤어+검은색+파란색,랑드 얼굴+갈색+파란색,갈색+파란색
298,예쁘니,엘리시움,여,은월,292,시원한 아침등교 헤어,졸린 조용한 얼굴,뽀송 꽃잎 피부,검은색+주황색,시원한 아침등교 헤어+검은색+주황색,졸린 조용한 얼굴+갈색+에메랄드,갈색+에메랄드
299,세븐,스카니아,남,메카닉,292,쉼표 컷 헤어,졸린 얼굴,뽀송 라벤더 피부,검은색+주황색,쉼표 컷 헤어+검은색+주황색,졸린 얼굴+빨간색+파란색,빨간색+파란색
300,돌격기,베라,남,캐논마스터,292,다크나이트 헤어,심술쟁이 얼굴,태닝 피부,검은색+노란색,다크나이트 헤어+검은색+노란색,심술쟁이 얼굴+검은색+빨간색,검은색+빨간색
301,엘페,베라,남,윈드브레이커,292,리르하 헤어,코분홍 얼굴,창백 피부,X+파란색,리르하 헤어+X+파란색,코분홍 얼굴+X+빨간색,X+빨간색
302,세속,베라,여,호영,292,안개 윤슬 헤어,디어 얼굴,뽀송 라벤더 피부,검은색+보라색,안개 윤슬 헤어+검은색+보라색,디어 얼굴+에메랄드+자수정,에메랄드+자수정
303,든기,루나,남,팔라딘,292,플로우 헤어,차차 얼굴,뽀송 꽃잎 피부,검은색+주황색,플로우 헤어+검은색+주황색,차차 얼굴+X+검은색,X+검은색
304,천재,제니스,남,데몬슬레이어,292,시간의나라 흰토끼 헤어,졸린 얼굴,뽀송 라벤더 피부,갈색+파란색,시간의나라 흰토끼 헤어+갈색+파란색,졸린 얼굴+빨간색+파란색,빨간색+파란색
305,러블리,베라,남,듀얼블레이더,292,사고뭉치 헤어,졸린 얼굴,뽀송 라벤더 피부,빨간색+초록색,사고뭉치 헤어+빨간색+초록색,졸린 얼굴+자수정+파란색,자수정+파란색
306,개GR,엘리시움,남,소울마스터,292,이카르트 헤어,멍한 오드아이 얼굴,헬시 피부,갈색+초록색,이카르트 헤어+갈색+초록색,멍한 오드아이 얼굴+갈색+빨간색,갈색+빨간색
307,전기,크로아,남,"아크메이지(썬,콜)",292,허쉬 헤어,제롬 얼굴,홍조 라벤더 피부,검은색+주황색,허쉬 헤어+검은색+주황색,제롬 얼굴+검은색+자수정,검은색+자수정
308,치이,스카니아,여,메르세데스,292,블링 슈가캔디 헤어,조용한 눈 얼굴,홍조 라벤더 피부,갈색+파란색,블링 슈가캔디 헤어+갈색+파란색,조용한 눈 얼굴+검은색+보라색,검은색+보라색
309,초성,엘리시움,남,팬텀,292,데이즈 헤어,깨도잉 얼굴,뽀송 라벤더 피부,갈색+검은색,데이즈 헤어+갈색+검은색,깨도잉 얼굴+에메랄드+자수정,에메랄드+자수정
310,임다,베라,여,블래스터,292,안개 엘로디 헤어,차차 얼굴,뽀송 꽃잎 피부,검은색+노란색,안개 엘로디 헤어+검은색+노란색,차차 얼굴+검은색+빨간색,검은색+빨간색
311,쓰까,이노시스,남,제논,292,빅토리 라이더 헤어,차분한 루시드 얼굴,뽀송 꽃잎 피부,초록색+파란색,빅토리 라이더 헤어+초록색+파란색,차분한 루시드 얼굴+빨간색+에메랄드,빨간색+에메랄드
312,아침짹,베라,여,비숍,292,반쪽 병아리콩 헤어,조용한 눈 얼굴,뽀송 라벤더 피부,보라색+주황색,반쪽 병아리콩 헤어+보라색+주황색,조용한 눈 얼굴+갈색+파란색,갈색+파란색
313,혼나면,스카니아,남,나이트로드,292,수호 헤어,차분한 루시드 얼굴,뽀송 꽃잎 피부,갈색+파란색,수호 헤어+갈색+파란색,차분한 루시드 얼굴+X+갈색,X+갈색
314,마그네틱,스카니아,남,메카닉,292,시엘 헤어,깨도잉 얼굴,홍조 라벤더 피부,검은색+주황색,시엘 헤어+검은색+주황색,깨도잉 얼굴+X+검은색,X+검은색
315,메일,크로아,남,윈드브레이커,292,방울꽃 헤어,차차 얼굴,뽀송 꽃잎 피부,갈색+파란색,방울꽃 헤어+갈색+파란색,차차 얼굴+빨간색+파란색,빨간색+파란색
316,포도먹는표도,엘리시움,여,나이트로드,292,시원한 아침등교 헤어,조용한 눈 얼굴,뽀송 라벤더 피부,검은색+노란색,시원한 아침등교 헤어+검은색+노란색,조용한 눈 얼굴+에메랄드+자수정,에메랄드+자수정
317,모니카,스카니아,여,엔젤릭버스터,292,꼬마 웨이브 헤어,꼬맹이 얼굴,뽀송 꽃잎 피부,보라색+초록색,꼬마 웨이브 헤어+보라색+초록색,꼬맹이 얼굴+X+검은색,X+검은색
318,모니카,스카니아,여,엔젤릭버스터,292,아침등교 헤어,꼬맹이 얼굴,뽀송 꽃잎 피부,갈색+검은색,아침등교 헤어+갈색+검은색,꼬맹이 얼굴+검은색+파란색,검은색+파란색
319,점쑨,레드,여,제논,292,별구름 헤어,차분한 헤헤 얼굴,뽀송 꽃잎 피부,검은색+빨간색,별구름 헤어+검은색+빨간색,차분한 헤헤 얼굴+X+빨간색,X+빨간색
320,미혼,엘리시움,남,"아크메이지(불,독)",292,쉼표 컷 헤어,차분한 루시드 얼굴,뽀송 꽃잎 피부,빨간색+파란색,쉼표 컷 헤어+빨간색+파란색,차분한 루시드 얼굴+빨간색+자수정,빨간색+자수정
321,zero쳇,제니스,기타,제로,292,영웅 아란 헤어,울림 얼굴,뽀송 꽃잎 피부,검은색+보라색,영웅 아란 헤어+검은색+보라색,울림 얼굴+에메랄드+파란색,에메랄드+파란색
322,zero쳇,제니스,기타,제로,292,영웅 팬텀 헤어,뭐래 얼굴,뽀송 꽃잎 피부,검은색+파란색,영웅 팬텀 헤어+검은색+파란색,뭐래 얼굴+보라색+에메랄드,보라색+에메랄드
323,주흔,엘리시움,여,비숍,292,아멜리 헤어,조용한 눈 얼굴,홍조 라벤더 피부,보라색+초록색,아멜리 헤어+보라색+초록색,조용한 눈 얼굴+갈색+에메랄드,갈색+에메랄드
324,농약군,루나,여,아델,292,매화 헤어,동그래 얼굴,뽀송 꽃잎 피부,X+검은색,매화 헤어+X+검은색,동그래 얼굴+X+검은색,X+검은색
325,옆치기,노바,남,배틀메이지,292,영웅 아란 헤어,도깨비 얼굴,헬시 피부,검은색+빨간색,영웅 아란 헤어+검은색+빨간색,도깨비 얼굴+보라색+자수정,보라색+자수정
326,사형선고end,크로아,남,비숍,292,애쉬 페르 헤어,루시드 얼굴,홍조 꽃잎 피부,보라색+파란색,애쉬 페르 헤어+보라색+파란색,루시드 얼굴+빨간색+초록색,빨간색+초록색
327,소설랑,엘리시움,기타,제로,292,버블리 헤어,조용한 눈 얼굴,뽀송 라벤더 피부,갈색+파란색,버블리 헤어+갈색+파란색,조용한 눈 얼굴+갈색+파란색,갈색+파란색
328,소설랑,엘리시움,기타,제로,292,시원한 아침등교 헤어,조용한 눈 얼굴,뽀송 라벤더 피부,갈색+파란색,시원한 아침등교 헤어+갈색+파란색,조용한 눈 얼굴+갈색+파란색,갈색+파란색
329,사냥터,크로아,남,키네시스,292,여우소년 헤어,멍한 얼굴,홍조 꽃잎 피부,초록색+파란색,여우소년 헤어+초록색+파란색,멍한 얼굴+자수정+초록색,자수정+초록색
330,뇽그르,베라,여,바이퍼,292,맑음 한 스푼 헤어,차분한 헤헤 얼굴,뽀송 꽃잎 피부,X+검은색,맑음 한 스푼 헤어+X+검은색,차분한 헤헤 얼굴+X+검은색,X+검은색
331,kwon바이퍼,엘리시움,남,바이퍼,292,루야 헤어,도전적인 얼굴,크림 피부,X+파란색,루야 헤어+X+파란색,도전적인 얼굴+X+파란색,X+파란색
332,썬쫠,엘리시움,여,"아크메이지(썬,콜)",292,핑키웨이 헤어,살짝 얼굴,뽀송 꽃잎 피부,갈색+파란색,핑키웨이 헤어+갈색+파란색,살짝 얼굴+보라색+파란색,보라색+파란색
333,껌탱,루나,여,나이트로드,292,별구름 헤어,볼그레 얼굴,뽀송 꽃잎 피부,빨간색+파란색,별구름 헤어+빨간색+파란색,볼그레 얼굴+검은색+빨간색,검은색+빨간색
334,카키,스카니아,남,팬텀,292,테디 헤어,엘 페일 얼굴,홍조 라벤더 피부,갈색+파란색,테디 헤어+갈색+파란색,엘 페일 얼굴+에메랄드+자수정,에메랄드+자수정
335,읍술,크로아,남,소울마스터,292,페어리 헤어,졸린 얼굴,뽀송 꽃잎 피부,보라색+초록색,페어리 헤어+보라색+초록색,졸린 얼굴+갈색+파란색,갈색+파란색
336,쿠마,크로아,남,신궁,292,시원한 아침등교 헤어,졸린 얼굴,뽀송 라벤더 피부,검은색+주황색,시원한 아침등교 헤어+검은색+주황색,졸린 얼굴+보라색+초록색,보라색+초록색
337,하멜른쥐잡이,스카니아,여,배틀메이지,292,보우마스터 헤어,순수 꼬마 얼굴,밀키 피부,검은색+주황색,보우마스터 헤어+검은색+주황색,순수 꼬마 얼굴+X+에메랄드,X+에메랄드
338,넷째,크로아,여,제논,292,블링 에반 헤어,졸린 조용한 얼굴,홍조 라벤더 피부,갈색+파란색,블링 에반 헤어+갈색+파란색,졸린 조용한 얼굴+에메랄드+자수정,에메랄드+자수정
339,세누,스카니아,여,루미너스,292,아침등교 헤어,조용한 눈 얼굴,홍조 라벤더 피부,갈색+검은색,아침등교 헤어+갈색+검은색,조용한 눈 얼굴+에메랄드+자수정,에메랄드+자수정
340,끄나,스카니아,남,데몬슬레이어,292,안젤로 헤어,멍한 얼굴,뽀송 라벤더 피부,검은색+초록색,안젤로 헤어+검은색+초록색,멍한 얼굴+에메랄드+자수정,에메랄드+자수정
341,피글렛,베라,남,"아크메이지(불,독)",292,블링 토벤 헤어,도발적인 아잉 얼굴,헬시 피부,노란색+주황색,블링 토벤 헤어+노란색+주황색,도발적인 아잉 얼굴+X+검은색,X+검은색
342,금금,베라,여,비숍,292,블링크 헤어,조용한 눈 얼굴,뽀송 라벤더 피부,빨간색+초록색,블링크 헤어+빨간색+초록색,조용한 눈 얼굴+빨간색+에메랄드,빨간색+에메랄드
343,경빛,베라,여,라라,292,Selfy 리본 하이 헤어,요미 얼굴,뽀송 꽃잎 피부,갈색+파란색,Selfy 리본 하이 헤어+갈색+파란색,요미 얼굴+에메랄드+자수정,에메랄드+자수정
344,뭐혜인마,루나,여,바이퍼,292,시원한 아침등교 헤어,츄르 얼굴,스피넬 피부,노란색+파란색,시원한 아침등교 헤어+노란색+파란색,츄르 얼굴+보라색+자수정,보라색+자수정
345,화단백,엘리시움,남,카인,292,민트 헤어,차분한 루시드 얼굴,뽀송 라벤더 피부,갈색+파란색,민트 헤어+갈색+파란색,차분한 루시드 얼굴+X+빨간색,X+빨간색
346,덕켄,루나,남,다크나이트,292,안개 백야 헤어,진중한 얼굴,뽀송 꽃잎 피부,검은색+빨간색,안개 백야 헤어+검은색+빨간색,진중한 얼굴+검은색+빨간색,검은색+빨간색
347,곁으로갈게,루나,남,나이트로드,292,안젤로 헤어,멍한 얼굴,뽀송 라벤더 피부,검은색+노란색,안젤로 헤어+검은색+노란색,멍한 얼굴+검은색+파란색,검은색+파란색
348,모냐,엘리시움,남,팬텀,292,시원한 아침등교 헤어,조용한 눈 얼굴,홍조 라벤더 피부,검은색+주황색,시원한 아침등교 헤어+검은색+주황색,조용한 눈 얼굴+갈색+에메랄드,갈색+에메랄드
349,서쑤호,엘리시움,남,섀도어,292,버블리 헤어,왜요 얼굴,홍조 꽃잎 피부,보라색+초록색,버블리 헤어+보라색+초록색,왜요 얼굴+검은색+보라색,검은색+보라색
350,도피자금,베라,남,나이트로드,292,포숑 헤어,살짝 얼굴,홍조 꽃잎 피부,갈색+보라색,포숑 헤어+갈색+보라색,살짝 얼굴+빨간색+초록색,빨간색+초록색
351,춘택님,엘리시움,남,바이퍼,292,아침등교 헤어,왜요 얼굴,홍조 꽃잎 피부,검은색+빨간색,아침등교 헤어+검은색+빨간색,왜요 얼굴+X+검은색,X+검은색
352,Ensillia,유니온,여,메카닉,292,밤의 안젤라 헤어,조용한 눈 얼굴,뽀송 라벤더 피부,보라색+파란색,밤의 안젤라 헤어+보라색+파란색,조용한 눈 얼굴+X+검은색,X+검은색
353,Wisp,루나,남,"아크메이지(불,독)",292,안개 퍼즐 헤어,멍한 얼굴,뽀송 라벤더 피부,노란색+파란색,안개 퍼즐 헤어+노란색+파란색,멍한 얼굴+에메랄드+자수정,에메랄드+자수정
354,교과,엘리시움,기타,제로,292,산들 헤어,졸린 얼굴,뽀송 꽃잎 피부,빨간색+파란색,산들 헤어+빨간색+파란색,졸린 얼굴+보라색+에메랄드,보라색+에메랄드
355,교과,엘리시움,기타,제로,292,채화 헤어,차차 얼굴,뽀송 꽃잎 피부,노란색+보라색,채화 헤어+노란색+보라색,차차 얼굴+검은색+보라색,검은색+보라색
356,을가,루나,남,카이저,292,채운 헤어,졸린 얼굴,뽀송 라벤더 피부,갈색+파란색,채운 헤어+갈색+파란색,졸린 얼굴+빨간색+에메랄드,빨간색+에메랄드
357,멍믹,크로아,남,아델,292,히트맨 헤어,도발적인 아잉 얼굴,뽀송 라벤더 피부,X+검은색,히트맨 헤어+X+검은색,도발적인 아잉 얼굴+X+검은색,X+검은색
358,소주,스카니아,남,캐논마스터,292,테디 헤어,졸린 얼굴,홍조 라벤더 피부,갈색+파란색,테디 헤어+갈색+파란색,졸린 얼굴+검은색+빨간색,검은색+빨간색
359,청사흘,오로라,남,듀얼블레이더,292,허쉬 헤어,차분한 루시드 얼굴,뽀송 꽃잎 피부,검은색+주황색,허쉬 헤어+검은색+주황색,차분한 루시드 얼굴+에메랄드+파란색,에메랄드+파란색
360,원분,엘리시움,남,듀얼블레이더,292,페어리 헤어,차차 얼굴,뽀송 라벤더 피부,검은색+주황색,페어리 헤어+검은색+주황색,차차 얼굴+에메랄드+자수정,에메랄드+자수정
361,도철떤,이노시스,남,호영,292,슈리 헤어,냉소적인 아잉 얼굴,뽀송 꽃잎 피부,갈색+주황색,슈리 헤어+갈색+주황색,냉소적인 아잉 얼굴+보라색+에메랄드,보라색+에메랄드
362,튜월,루나,여,키네시스,292,라리엘 헤어,차분한 헤헤 얼굴,뽀송 꽃잎 피부,초록색+파란색,라리엘 헤어+초록색+파란색,차분한 헤헤 얼굴+검은색+빨간색,검은색+빨간색
363,엥서연,유니온,여,엔젤릭버스터,292,솜솜이 헤어,꼬맹이 얼굴,뽀송 꽃잎 피부,검은색+파란색,솜솜이 헤어+검은색+파란색,꼬맹이 얼굴+갈색+파란색,갈색+파란색
364,엥서연,유니온,여,엔젤릭버스터,292,아침등교 헤어,조용한 눈 얼굴,홍조 꽃잎 피부,갈색+파란색,아침등교 헤어+갈색+파란색,조용한 눈 얼굴+검은색+파란색,검은색+파란색
365,키모,엘리시움,남,블래스터,292,오늘의 습도 헤어,딩딩 얼굴,뽀송 꽃잎 피부,갈색+검은색,오늘의 습도 헤어+갈색+검은색,딩딩 얼굴+X+검은색,X+검은색
366,쁨루트,유니온,여,메르세데스,292,설아 헤어,차차 얼굴,홍조 라벤더 피부,빨간색+파란색,설아 헤어+빨간색+파란색,차차 얼굴+갈색+파란색,갈색+파란색
367,카나,크로아,여,나이트로드,292,엘로디 헤어,조용한 눈 얼굴,뽀송 라벤더 피부,갈색+파란색,엘로디 헤어+갈색+파란색,조용한 눈 얼굴+갈색+에메랄드,갈색+에메랄드
368,솜짱,베라,남,호영,292,밤의 안젤로 헤어,차차 얼굴,홍조 꽃잎 피부,검은색+보라색,밤의 안젤로 헤어+검은색+보라색,차차 얼굴+X+검은색,X+검은색
369,오미자개꿀맛,크로아,남,팬텀,292,다크 포숑 헤어,도발적인 아잉 얼굴,홍조 꽃잎 피부,X+검은색,다크 포숑 헤어+X+검은색,도발적인 아잉 얼굴+X+빨간색,X+빨간색
370,남은메포,스카니아,남,캐논마스터,292,웨일 헤어,아잉 얼굴,뽀송 라벤더 피부,보라색+초록색,웨일 헤어+보라색+초록색,아잉 얼굴+X+검은색,X+검은색
371,후앵,스카니아,여,"아크메이지(불,독)",292,산뜻 단발 헤어,조용한 눈 얼굴,뽀송 라벤더 피부,검은색+주황색,산뜻 단발 헤어+검은색+주황색,조용한 눈 얼굴+갈색+초록색,갈색+초록색
372,송은,엘리시움,여,와일드헌터,292,솜이 헤어,졸린 얼굴,홍조 라벤더 피부,검은색+보라색,솜이 헤어+검은색+보라색,졸린 얼굴+에메랄드+자수정,에메랄드+자수정
373,흐륜,루나,남,배틀메이지,292,안젤로 헤어,졸린 얼굴,홍조 라벤더 피부,갈색+파란색,안젤로 헤어+갈색+파란색,졸린 얼굴+보라색+에메랄드,보라색+에메랄드
374,표또,루나,남,나이트로드,292,채운 헤어,깨도잉 얼굴,뽀송 라벤더 피부,검은색+파란색,채운 헤어+검은색+파란색,깨도잉 얼굴+검은색+파란색,검은색+파란색
375,차형주,크로아,남,비숍,292,블링 블레이 헤어,멍한 얼굴,뽀송 라벤더 피부,검은색+주황색,블링 블레이 헤어+검은색+주황색,멍한 얼굴+에메랄드+자수정,에메랄드+자수정
376,바통,스카니아,남,다크나이트,292,채운 헤어,졸린 얼굴,뽀송 라벤더 피부,검은색+초록색,채운 헤어+검은색+초록색,졸린 얼굴+검은색+파란색,검은색+파란색
377,서브,크로아,남,나이트로드,292,바보소년 헤어,졸린 얼굴,홍조 라벤더 피부,검은색+파란색,바보소년 헤어+검은색+파란색,졸린 얼굴+보라색+에메랄드,보라색+에메랄드
378,청운검,루나,남,히어로,292,제롬 헤어,깨도잉 얼굴,뽀송 라벤더 피부,보라색+초록색,제롬 헤어+보라색+초록색,깨도잉 얼굴+검은색+자수정,검은색+자수정
379,복덩,스카니아,남,팔라딘,292,뾰롱이 헤어,도발적인 아잉 얼굴,헬시 피부,갈색+파란색,뾰롱이 헤어+갈색+파란색,도발적인 아잉 얼굴+X+검은색,X+검은색
380,혼전순결,루나,남,비숍,292,채운 헤어,왜요 얼굴,뽀송 라벤더 피부,갈색+검은색,채운 헤어+갈색+검은색,왜요 얼굴+보라색+초록색,보라색+초록색
381,대박아란,아케인,여,아란,292,퐁당 헤어,차분한 헤헤 얼굴,뽀송 꽃잎 피부,갈색+파란색,퐁당 헤어+갈색+파란색,차분한 헤헤 얼굴+검은색+보라색,검은색+보라색
382,토푭,스카니아,여,"아크메이지(불,독)",292,라리엘 헤어,차차 얼굴,뽀송 꽃잎 피부,빨간색+파란색,라리엘 헤어+빨간색+파란색,차차 얼굴+빨간색+파란색,빨간색+파란색
383,shayrap,오로라,여,나이트로드,292,라리엘 헤어,차분한 루시드 얼굴,뽀송 꽃잎 피부,보라색+초록색,라리엘 헤어+보라색+초록색,차분한 루시드 얼굴+빨간색+에메랄드,빨간색+에메랄드
384,리토잉,베라,남,에반,292,영웅 에반 헤어,멍한 오드아이 얼굴,뽀송 라벤더 피부,갈색+검은색,영웅 에반 헤어+갈색+검은색,멍한 오드아이 얼굴+검은색+자수정,검은색+자수정
385,치현,엘리시움,남,히어로,292,꼬마야 헤어,조용한 눈 얼굴,뽀송 꽃잎 피부,X+검은색,꼬마야 헤어+X+검은색,조용한 눈 얼굴+갈색+자수정,갈색+자수정
386,옴므,스카니아,남,나이트로드,292,스테리 헤어,아잉 얼굴,뽀송 라벤더 피부,X+검은색,스테리 헤어+X+검은색,아잉 얼굴+X+검은색,X+검은색
387,쿄캬,루나,여,비숍,292,산뜻 단발 헤어,졸린 오드아이 얼굴,뽀송 라벤더 피부,검은색+보라색,산뜻 단발 헤어+검은색+보라색,졸린 오드아이 얼굴+검은색+자수정,검은색+자수정
388,러스트제논,루나,남,제논,292,허쉬 헤어,차분한 헤헤 얼굴,뽀송 꽃잎 피부,갈색+파란색,허쉬 헤어+갈색+파란색,차분한 헤헤 얼굴+자수정+파란색,자수정+파란색
389,침착,베라,남,듀얼블레이더,292,스테리 헤어,무소유 얼굴,홍조 꽃잎 피부,노란색+파란색,스테리 헤어+노란색+파란색,무소유 얼굴+갈색+파란색,갈색+파란색
390,bj조갱,크로아,남,제논,292,아렌 헤어,맑은날 얼굴,뽀송 꽃잎 피부,빨간색+초록색,아렌 헤어+빨간색+초록색,맑은날 얼굴+에메랄드+파란색,에메랄드+파란색
391,겨울,스카니아,여,"아크메이지(불,독)",292,벨라 헤어,조용한 눈 얼굴,뽀송 라벤더 피부,주황색+파란색,벨라 헤어+주황색+파란색,조용한 눈 얼굴+에메랄드+자수정,에메랄드+자수정
392,체링,루나,남,"아크메이지(불,독)",292,테디 헤어,차차 얼굴,홍조 라벤더 피부,갈색+파란색,테디 헤어+갈색+파란색,차차 얼굴+빨간색+파란색,빨간색+파란색
393,린티드,루나,여,아델,292,데이즈 헤어,어제 울었어 얼굴,홍조 꽃잎 피부,갈색+파란색,데이즈 헤어+갈색+파란색,어제 울었어 얼굴+X+검은색,X+검은색
394,워녕,스카니아,여,"아크메이지(불,독)",292,시원한 아침등교 헤어,멍한 얼굴,홍조 라벤더 피부,검은색+주황색,시원한 아침등교 헤어+검은색+주황색,멍한 얼굴+빨간색+에메랄드,빨간색+에메랄드
395,수수유미,크로아,여,아델,292,안개 아멜리 헤어,쪼꼬미 얼굴,뽀송 라벤더 피부,보라색+초록색,안개 아멜리 헤어+보라색+초록색,쪼꼬미 얼굴+빨간색+에메랄드,빨간색+에메랄드
396,영택이형,베라,남,윈드브레이커,292,히트맨 헤어,차분한 루시드 얼굴,홍조 꽃잎 피부,빨간색+초록색,히트맨 헤어+빨간색+초록색,차분한 루시드 얼굴+X+검은색,X+검은색
397,탑쑨,엘리시움,남,제논,292,네오 스우,조용한 눈 얼굴,홍조 꽃잎 피부,X+갈색,네오 스우+X+갈색,조용한 눈 얼굴+X+검은색,X+검은색
398,현리l,루나,여,호영,292,포니테일 별구름 헤어,조용한 눈 얼굴,홍조 꽃잎 피부,노란색+보라색,포니테일 별구름 헤어+노란색+보라색,조용한 눈 얼굴+검은색+에메랄드,검은색+에메랄드
399,지쳐,베라,남,나이트로드,292,페어리 헤어,깨도잉 얼굴,뽀송 꽃잎 피부,노란색+파란색,페어리 헤어+노란색+파란색,깨도잉 얼굴+에메랄드+자수정,에메랄드+자수정
400,코츠,베라,남,나이트로드,292,영웅 에반 헤어,졸린 조용한 얼굴,홍조 라벤더 피부,X+검은색,영웅 에반 헤어+X+검은색,졸린 조용한 얼굴+에메랄드+자수정,에메랄드+자수정
401,민트버블냥,루나,여,엔젤릭버스터,292,아멜리 헤어,꼬맹이 얼굴,뽀송 라벤더 피부,보라색+초록색,아멜리 헤어+보라색+초록색,꼬맹이 얼굴+X+검은색,X+검은색
402,민트버블냥,루나,여,엔젤릭버스터,292,안젤라 헤어,꼬맹이 얼굴,뽀송 라벤더 피부,검은색+노란색,안젤라 헤어+검은색+노란색,꼬맹이 얼굴+검은색+보라색,검은색+보라색
403,록리,엘리시움,남,아란,292,바가지 머리,동그란눈 얼굴,뽀송 라벤더 피부,X+검은색,바가지 머리+X+검은색,동그란눈 얼굴+X+검은색,X+검은색
404,미숟,루나,여,"아크메이지(불,독)",292,핑키웨이 헤어,졸린 얼굴,홍조 라벤더 피부,검은색+주황색,핑키웨이 헤어+검은색+주황색,졸린 얼굴+갈색+검은색,갈색+검은색
405,천막,엘리시움,남,듀얼블레이더,292,허쉬 헤어,멍한 오드아이 얼굴,홍조 라벤더 피부,갈색+검은색,허쉬 헤어+갈색+검은색,멍한 오드아이 얼굴+검은색+에메랄드,검은색+에메랄드
406,써프,베라,남,패스파인더,292,플로트 헤어,랑드 얼굴,뽀송 꽃잎 피부,검은색+파란색,플로트 헤어+검은색+파란색,랑드 얼굴+X+검은색,X+검은색
407,캐슈님,엘리시움,여,캐논마스터,292,라리엘 헤어,조용한 눈 얼굴,뽀송 꽃잎 피부,검은색+주황색,라리엘 헤어+검은색+주황색,조용한 눈 얼굴+갈색+에메랄드,갈색+에메랄드
408,포던,엘리시움,남,듀얼블레이더,291,테디 헤어,하찮도다 얼굴,뽀송 꽃잎 피부,갈색+파란색,테디 헤어+갈색+파란색,하찮도다 얼굴+X+갈색,X+갈색
409,고든프리맨,엘리시움,남,메카닉,292,시간의나라 흰토끼 헤어,멍한 오드아이 얼굴,뽀송 꽃잎 피부,검은색+주황색,시간의나라 흰토끼 헤어+검은색+주황색,멍한 오드아이 얼굴+X+자수정,X+자수정
410,붉은청룡,엘리시움,여,키네시스,292,덥수룩한 머리,헤헤 얼굴,뽀송 라벤더 피부,보라색+파란색,덥수룩한 머리+보라색+파란색,헤헤 얼굴+자수정+초록색,자수정+초록색
411,사곡복서,이노시스,남,스트라이커,292,에반 남자 머리,아일린 얼굴,뽀송 꽃잎 피부,갈색+파란색,에반 남자 머리+갈색+파란색,아일린 얼굴+X+파란색,X+파란색
412,인낀,엘리시움,남,아크,292,골목대장 헤어,아잉 얼굴,뽀송 꽃잎 피부,갈색+파란색,골목대장 헤어+갈색+파란색,아잉 얼굴+갈색+파란색,갈색+파란색
413,베팁,크로아,여,나이트로드,291,라리엘 헤어,차분한 헤헤 얼굴,뽀송 라벤더 피부,보라색+초록색,라리엘 헤어+보라색+초록색,차분한 헤헤 얼굴+갈색+파란색,갈색+파란색
414,칸쉬,스카니아,여,비숍,291,기사단장 이리나 헤어,조용한 눈 얼굴,뽀송 라벤더 피부,검은색+주황색,기사단장 이리나 헤어+검은색+주황색,조용한 눈 얼굴+에메랄드+자수정,에메랄드+자수정
415,성지훈,크로아,여,나이트로드,292,체커 루키 헤어,조용한 눈 얼굴,뽀송 라벤더 피부,갈색+검은색,체커 루키 헤어+갈색+검은색,조용한 눈 얼굴+갈색+검은색,갈색+검은색
416,댕댕,크로아,여,비숍,292,문릿 헤어,조용한 눈 얼굴,홍조 라벤더 피부,빨간색+파란색,문릿 헤어+빨간색+파란색,조용한 눈 얼굴+갈색+에메랄드,갈색+에메랄드
417,냐해,엘리시움,여,"아크메이지(불,독)",291,시원한 아침등교 헤어,조용한 눈 얼굴,뽀송 라벤더 피부,보라색+초록색,시원한 아침등교 헤어+보라색+초록색,조용한 눈 얼굴+에메랄드+자수정,에메랄드+자수정
418,섈업,스카니아,남,섀도어,291,안젤로 헤어,쀼쀼 얼굴,뽀송 라벤더 피부,검은색+노란색,안젤로 헤어+검은색+노란색,쀼쀼 얼굴+에메랄드+자수정,에메랄드+자수정
419,칼별이삼,스카니아,남,듀얼블레이더,291,토벤 머리,도전적인 얼굴,홍조 꽃잎 피부,보라색+초록색,토벤 머리+보라색+초록색,도전적인 얼굴+초록색+파란색,초록색+파란색
420,늑몬,엘리시움,남,데몬어벤져,291,안개 리틀 스타 헤어,차차 얼굴,홍조 꽃잎 피부,검은색+빨간색,안개 리틀 스타 헤어+검은색+빨간색,차차 얼굴+검은색+빨간색,검은색+빨간색
421,전투,스카니아,남,보우마스터,291,플로우 헤어,아잉 얼굴,뽀송 라벤더 피부,검은색+빨간색,플로우 헤어+검은색+빨간색,아잉 얼굴+검은색+파란색,검은색+파란색
422,치명,스카니아,여,메르세데스,291,영웅 메르세데스 헤어,샤이닝 얼굴,엘프 피부,보라색+파란색,영웅 메르세데스 헤어+보라색+파란색,샤이닝 얼굴+보라색+파란색,보라색+파란색
423,팔라디,베라,남,팔라딘,291,안개 시엘 헤어,아잉 얼굴,홍조 꽃잎 피부,빨간색+초록색,안개 시엘 헤어+빨간색+초록색,아잉 얼굴+X+검은색,X+검은색
424,맑음딘,루나,남,팔라딘,291,베베 헤어,각성 그대 얼굴,뽀송 꽃잎 피부,초록색+파란색,베베 헤어+초록색+파란색,각성 그대 얼굴+에메랄드+파란색,에메랄드+파란색
425,와타코코,스카니아,여,라라,291,비숍 헤어,저거 사줘 얼굴,홍조 꽃잎 피부,X+노란색,비숍 헤어+X+노란색,저거 사줘 얼굴+X+보라색,X+보라색
426,내로,베라,남,은월,291,안개 안젤로 헤어,멍한 얼굴,뽀송 라벤더 피부,보라색+초록색,안개 안젤로 헤어+보라색+초록색,멍한 얼굴+검은색+자수정,검은색+자수정
427,늘인,베라,남,데몬어벤져,291,퍼즐 헤어,멍한 얼굴,뽀송 꽃잎 피부,검은색+주황색,퍼즐 헤어+검은색+주황색,멍한 얼굴+검은색+파란색,검은색+파란색
428,민법,스카니아,남,데몬슬레이어,291,플로리안 헤어,멍한 얼굴,뽀송 라벤더 피부,검은색+초록색,플로리안 헤어+검은색+초록색,멍한 얼굴+검은색+자수정,검은색+자수정
429,심겜,루나,남,키네시스,291,필링 헤어,다이아 얼굴,뽀송 라벤더 피부,X+검은색,필링 헤어+X+검은색,다이아 얼굴+X+검은색,X+검은색
430,킹버,베라,여,엔젤릭버스터,291,스테리 헤어,차분한 헤헤 얼굴,홍조 꽃잎 피부,X+검은색,스테리 헤어+X+검은색,차분한 헤헤 얼굴+에메랄드+자수정,에메랄드+자수정
431,킹버,베라,여,엔젤릭버스터,291,조용한 헤어,조용한 눈 얼굴,뽀송 꽃잎 피부,검은색+주황색,조용한 헤어+검은색+주황색,조용한 눈 얼굴+에메랄드+자수정,에메랄드+자수정
432,애널킹덤,엘리시움,남,다크나이트,291,안보여요 헤어,제이 얼굴,헬시 피부,검은색+노란색,안보여요 헤어+검은색+노란색,제이 얼굴+X+갈색,X+갈색
433,맑음,크로아,남,제논,291,빅토리 라이더 헤어,차분한 루시드 얼굴,뽀송 라벤더 피부,갈색+파란색,빅토리 라이더 헤어+갈색+파란색,차분한 루시드 얼굴+빨간색+파란색,빨간색+파란색
434,crime,루나,남,듀얼블레이더,291,퍼즐 헤어,아잉 얼굴,홍조 꽃잎 피부,노란색+파란색,퍼즐 헤어+노란색+파란색,아잉 얼굴+X+검은색,X+검은색
435,무키,엘리시움,남,나이트로드,291,플로우 헤어,뭉클 얼굴,뽀송 꽃잎 피부,X+주황색,플로우 헤어+X+주황색,뭉클 얼굴+X+검은색,X+검은색
436,쪼리,엘리시움,기타,제로,291,플로리안 헤어,멍한 얼굴,홍조 꽃잎 피부,검은색+초록색,플로리안 헤어+검은색+초록색,멍한 얼굴+에메랄드+자수정,에메랄드+자수정
437,쪼리,엘리시움,기타,제로,291,엘로디 헤어,졸린 얼굴,홍조 꽃잎 피부,검은색+초록색,엘로디 헤어+검은색+초록색,졸린 얼굴+X+검은색,X+검은색
438,빵빵이,루나,남,"아크메이지(불,독)",291,블링 블레이 헤어,냉소적인 아잉 얼굴,뽀송 라벤더 피부,보라색+초록색,블링 블레이 헤어+보라색+초록색,냉소적인 아잉 얼굴+갈색+파란색,갈색+파란색
439,별표,유니온,여,히어로,291,시원한 아침등교 헤어,깨아잉 얼굴,뽀송 라벤더 피부,검은색+주황색,시원한 아침등교 헤어+검은색+주황색,깨아잉 얼굴+X+검은색,X+검은색
440,반반,엘리시움,남,제논,291,빅토리 라이더 헤어,멍한 얼굴,뽀송 라벤더 피부,검은색+파란색,빅토리 라이더 헤어+검은색+파란색,멍한 얼굴+에메랄드+자수정,에메랄드+자수정
441,금개,루나,기타,제로,291,다크 포숑 헤어,청명 얼굴,뽀송 꽃잎 피부,X+검은색,다크 포숑 헤어+X+검은색,청명 얼굴+빨간색+자수정,빨간색+자수정
442,금개,루나,기타,제로,291,노스텔지어 헤어,잔잔한 얼굴,뽀송 꽃잎 피부,검은색+노란색,노스텔지어 헤어+검은색+노란색,잔잔한 얼굴+자수정+파란색,자수정+파란색
443,아쉬운궁모1,유니온,여,히어로,291,다슬 헤어,몽몽이 얼굴,홍조 꽃잎 피부,검은색+보라색,다슬 헤어+검은색+보라색,몽몽이 얼굴+초록색+파란색,초록색+파란색
444,시커만던져요,스카니아,여,엔젤릭버스터,291,안개 엘로디 헤어,조용한 눈 얼굴,뽀송 꽃잎 피부,보라색+초록색,안개 엘로디 헤어+보라색+초록색,조용한 눈 얼굴+X+빨간색,X+빨간색
445,시커만던져요,스카니아,여,엔젤릭버스터,291,설아 헤어,디어 얼굴,뽀송 라벤더 피부,X+검은색,설아 헤어+X+검은색,디어 얼굴+에메랄드+자수정,에메랄드+자수정
446,으꾸,스카니아,여,나이트로드,291,새턴 헤어,조용한 눈 얼굴,뽀송 라벤더 피부,주황색+파란색,새턴 헤어+주황색+파란색,조용한 눈 얼굴+에메랄드+자수정,에메랄드+자수정
447,석현,루나,남,아델,291,빅토리 라이더 헤어,멍한 얼굴,뽀송 라벤더 피부,검은색+파란색,빅토리 라이더 헤어+검은색+파란색,멍한 얼굴+에메랄드+자수정,에메랄드+자수정
448,광부용hs,크로아,여,듀얼블레이더,291,말괄량이 헤어,차차 얼굴,홍조 꽃잎 피부,보라색+초록색,말괄량이 헤어+보라색+초록색,차차 얼굴+자수정+파란색,자수정+파란색
449,EsanghaeFUL,레드,여,소울마스터,291,소슬 헤어,안개비 얼굴,뽀송 라벤더 피부,검은색+노란색,소슬 헤어+검은색+노란색,안개비 얼굴+X+자수정,X+자수정
450,어린늠,엘리시움,남,캐논마스터,291,메블리 헤어,뭉클 얼굴,홍조 꽃잎 피부,갈색+검은색,메블리 헤어+갈색+검은색,뭉클 얼굴+검은색+파란색,검은색+파란색
451,친츄,스카니아,남,비숍,291,뾰롱이 헤어,제롬 얼굴,고져스 피부,주황색+파란색,뾰롱이 헤어+주황색+파란색,제롬 얼굴+에메랄드+자수정,에메랄드+자수정
452,룩룩,크로아,여,엔젤릭버스터,291,시원한 아침등교 헤어,도발적인 아잉 얼굴,홍조 꽃잎 피부,갈색+검은색,시원한 아침등교 헤어+갈색+검은색,도발적인 아잉 얼굴+X+검은색,X+검은색
453,룩룩,크로아,여,엔젤릭버스터,291,데이즈 헤어,깨도잉 얼굴,뽀송 라벤더 피부,갈색+검은색,데이즈 헤어+갈색+검은색,깨도잉 얼굴+갈색+에메랄드,갈색+에메랄드
454,이득,루나,남,캐논마스터,291,솜이 헤어,조용한 눈 얼굴,뽀송 라벤더 피부,X+검은색,솜이 헤어+X+검은색,조용한 눈 얼굴+빨간색+에메랄드,빨간색+에메랄드
455,듀대,엘리시움,여,듀얼블레이더,291,안젤라 헤어,아잉 얼굴,뽀송 꽃잎 피부,검은색+보라색,안젤라 헤어+검은색+보라색,아잉 얼굴+갈색+검은색,갈색+검은색
456,강우현,엘리시움,남,듀얼블레이더,291,플로우 헤어,멍한 오드아이 얼굴,홍조 꽃잎 피부,검은색+빨간색,플로우 헤어+검은색+빨간색,멍한 오드아이 얼굴+검은색+빨간색,검은색+빨간색
457,토햐,스카니아,여,비숍,291,비숍 헤어,조용한 눈 얼굴,뽀송 라벤더 피부,주황색+파란색,비숍 헤어+주황색+파란색,조용한 눈 얼굴+갈색+초록색,갈색+초록색
458,느밍,베라,남,메르세데스,291,시원한 아침등교 헤어,조용한 눈 얼굴,뽀송 꽃잎 피부,X+검은색,시원한 아침등교 헤어+X+검은색,조용한 눈 얼굴+X+검은색,X+검은색
459,난쟁아,스카니아,여,비숍,291,블링 신비 헤어,차차 얼굴,뽀송 라벤더 피부,검은색+보라색,블링 신비 헤어+검은색+보라색,차차 얼굴+검은색+파란색,검은색+파란색
460,윤살아,스카니아,여,비숍,291,라리엘 헤어,차분한 헤헤 얼굴,뽀송 꽃잎 피부,보라색+초록색,라리엘 헤어+보라색+초록색,차분한 헤헤 얼굴+빨간색+자수정,빨간색+자수정
461,별표시,루나,여,메카닉,291,시원한 아침등교 헤어,아잉 얼굴,홍조 꽃잎 피부,검은색+주황색,시원한 아침등교 헤어+검은색+주황색,아잉 얼굴+보라색+초록색,보라색+초록색
462,퐁뿡,스카니아,남,"아크메이지(불,독)",291,플로리안 헤어,졸린 얼굴,뽀송 라벤더 피부,갈색+파란색,플로리안 헤어+갈색+파란색,졸린 얼굴+에메랄드+자수정,에메랄드+자수정
